canonical_family,source_doc,marca,tipo_documento,segment,completeness,tiene_regla_canonizacion,canonical_label,preferred_lookup_text,encontrado_en_inventario,busqueda_usada,referencia_erp,descripcion_erp,stock_total,status
ACCENT,Ficha Tecnica Accent.pdf,,ficha_tecnica,herrajes_seguridad,0.7500,NO,,,SI,ACCENT,5891888,P7 KOR PRO 550 MAT BA ACCEN 27477 18.93L,274.0,INVENTARIO_SIN_CANON
ACRILICA BASE AGUA UDA600 ES,ACRILICA BASE AGUA UDA600 [ES].pdf,,ficha_tecnica,recubrimientos_pinturas,0.9167,NO,,,SI,ACRILICA BASE AGUA UDA600 ES,5891758,ACRILICA BASE AGUA UDA600/3.7L/AA7,12.0,INVENTARIO_SIN_CANON
ACRILICA MANTENIMIENTO ES,ACRILICA MANTENIMIENTO [ES].pdf,,ficha_tecnica,recubrimientos_pinturas,0.8333,NO,,,SI,ACRILICA MANTENIMIENTO ES,5893169,ACRILICA MANT BRILL 11A44A/3.7L/AA7,41.0,INVENTARIO_SIN_CANON
AJUSTADOR ECONOMICO UNIVERSAL FT 21126,AJUSTADOR ECONÓMICO UNIVERSAL FT 21126.PDF,,ficha_tecnica,auxiliares_aplicacion,0.6667,NO,,,SI,AJUSTADOR ECONOMICO UNIVERSAL FT 21126,F0116621209,AJUSTADOR PINT EPOX BOTELLA 209,280.5,INVENTARIO_SIN_CANON
AJUSTADOR PARA EPOXICAS 21209,AJUSTADOR PARA EPOXICAS 21209.pdf,,ficha_tecnica,auxiliares_aplicacion,0.4167,NO,,,SI,AJUSTADOR PARA EPOXICAS 21209,5891067,MPY AJUSTADOR 21209 UFA153/20L/AA7,14.0,INVENTARIO_SIN_CANON
AJUSTADOR PARA LIMPIEZA DE SUPERFICIES METALICAS 21242,AJUSTADOR PARA LIMPIEZA DE SUPERFICIES METALICAS 21242.pdf,,ficha_tecnica,auxiliares_aplicacion,0.7500,NO,,,SI,AJUSTADOR PARA LIMPIEZA DE SUPERFICIES METALICAS 21242,5891067,MPY AJUSTADOR 21209 UFA153/20L/AA7,14.0,INVENTARIO_SIN_CANON
AJUSTADOR PARA POLIURETANO 21116,AJUSTADOR PARA POLIURETANO 21116.pdf,,ficha_tecnica,auxiliares_aplicacion,0.6667,NO,,,SI,AJUSTADOR PARA POLIURETANO 21116,5892179,MH AJUSTADOR PARA EQUIPOS 21125 208.2L,0.0,INVENTARIO_SIN_CANON
AJUSTADOR XILOL 21204,AJUSTADOR XILOL 21204.pdf,,ficha_tecnica,auxiliares_aplicacion,0.7500,NO,,,SI,AJUSTADOR XILOL 21204,5891066,AJUSTADOR XILOL 21204 GTA007/20L/AA7,6.0,INVENTARIO_SIN_CANON
ALTAS TEMPERATURAS 901 UEA750 ES,ALTAS TEMPERATURAS 901 UEA750 [ES].pdf,,ficha_tecnica,recubrimientos_pinturas,0.9167,SI,Altas Temperaturas,altas temperaturas,SI,altas temperaturas,5893700,PQ AEROCOLOR ALTAS TEMP BR ALUMINIO 0.3L,178.0,OK_COMPLETO
ALTAS TEMPERATURAS 902 UEA800 ES,ALTAS TEMPERATURAS 902 UEA800 [ES].pdf,,ficha_tecnica,recubrimientos_pinturas,0.9167,SI,Altas Temperaturas,altas temperaturas,SI,altas temperaturas,5893700,PQ AEROCOLOR ALTAS TEMP BR ALUMINIO 0.3L,178.0,OK_COMPLETO
ALTAS TEMPERATURAS 904 UEA850 ES,ALTAS TEMPERATURAS 904 UEA850 [ES].pdf,,ficha_tecnica,recubrimientos_pinturas,0.8333,SI,Altas Temperaturas,altas temperaturas,SI,altas temperaturas,5893700,PQ AEROCOLOR ALTAS TEMP BR ALUMINIO 0.3L,178.0,OK_COMPLETO
ALTAS TEMPERATURAS 905 UEA900 ES,ALTAS TEMPERATURAS 905 UEA900 [ES].pdf,,ficha_tecnica,recubrimientos_pinturas,0.9167,SI,Altas Temperaturas,altas temperaturas,SI,altas temperaturas,5893700,PQ AEROCOLOR ALTAS TEMP BR ALUMINIO 0.3L,178.0,OK_COMPLETO
ARENA QUARZO G300N UFA850 ES,ARENA QUARZO G300N UFA850 [ES].pdf,,ficha_tecnica,recubrimientos_pinturas,0.6667,NO,,,SI,ARENA QUARZO G300N UFA850 ES,5891610,ARENA QUARZO G300N UFA850/25KG/AA7,29.0,INVENTARIO_SIN_CANON
B 350,Ficha Tecnica B-350.pdf,,ficha_tecnica,herrajes_seguridad,0.6667,NO,,,SI,B 350,F51060575,DIABLO ROJO UNIDAD 350 GR,275.0,INVENTARIO_SIN_CANON
B 352,Ficha Tecnica B-352.pdf,,ficha_tecnica,herrajes_seguridad,0.6667,NO,,,SI,B 352,5890779,TE VINIL MAX MAT BLANCO 35232 3.79L,99.0,INVENTARIO_SIN_CANON
B 360,Ficha Tecnica B-360.pdf,,ficha_tecnica,herrajes_seguridad,0.6667,NO,,,SI,B 360,5891597,PQ CANCHAS MAT BASE ACCENT 1876 18.93L,57.0,INVENTARIO_SIN_CANON
B 362,Ficha Tecnica B-362.pdf,,ficha_tecnica,herrajes_seguridad,0.6667,NO,,,SI,B 362,5894362,ZP MONTANA 94 MAT AZUL O EX0145005M 0.4L,46.0,INVENTARIO_SIN_CANON
B 362 ULTRA,Ficha Tecnica B-362 ULTRA.pdf,,ficha_tecnica,herrajes_seguridad,0.7500,NO,,,SI,B 362 ULTRA,5894362,ZP MONTANA 94 MAT AZUL O EX0145005M 0.4L,46.0,INVENTARIO_SIN_CANON
BALL,Ficha Tecnica Ball.pdf,,ficha_tecnica,herrajes_seguridad,0.4167,NO,,,SI,BALL,F51060500,BALL A50WS ALCOBA NEGRO MATE,9.0,INVENTARIO_SIN_CANON
BELL WOOD,Ficha Tecnica Bell Wood.pdf,,ficha_tecnica,herrajes_seguridad,0.7500,NO,,,SI,BELL WOOD,F6014106,BELL WOOD GOLD A50WS ALCOBA,15.0,INVENTARIO_SIN_CANON
BISAGRAS DE PISO,Ficha Técnica Bisagras de Piso.pdf,,ficha_tecnica,herrajes_seguridad,0.5833,NO,,,NO,BISAGRAS DE PISO,,,0,SIN_MAPEO
BROCHA PROFESIONAL PLASTICO BLANCA PINTUCO,BROCHA PROFESIONAL PLASTICO BLANCA PINTUCO.PDF,Pintuco,ficha_tecnica,recubrimientos_pinturas,0.7500,NO,,,SI,BROCHA PROFESIONAL PLASTICO BLANCA PINTUCO,6441629,BROCHA PROF PLASTICO BCA 2.5 PUL PINTUCO,601.0,INVENTARIO_SIN_CANON
C999,Ficha Técnica C999.pdf,,ficha_tecnica,herrajes_seguridad,0.5000,NO,,,SI,C999,F6014111,CERRADURA SOBREPONER C999 DERC,6.0,INVENTARIO_SIN_CANON
C999 ULTRA,Ficha Técnica C999 ULTRA.pdf,,ficha_tecnica,herrajes_seguridad,0.4167,NO,,,SI,C999 ULTRA,F6014143,CERRADURA C999 ULTRA IZQU,5.0,INVENTARIO_SIN_CANON
CENTURY,Ficha Tecnica Century.pdf,,ficha_tecnica,herrajes_seguridad,0.7500,NO,,,NO,CENTURY,,,0,SIN_MAPEO
CERRADURA A70PD,Ficha Tecnica Cerradura A70PD.pdf,,ficha_tecnica,herrajes_seguridad,0.7500,NO,,,SI,CERRADURA A70PD,F6014108,CERRADURA SOBREPONER MEGA IZQ,147.0,INVENTARIO_SIN_CANON
CERRADURAS DE MUEBLE,Ficha Técnica Cerraduras de Mueble.pdf,,ficha_tecnica,herrajes_seguridad,0.5833,NO,,,NO,CERRADURAS DE MUEBLE,,,0,SIN_MAPEO
CINTA AUTOMOTRIZ PREMIER RED,Ficha Técnica Cinta Automotriz Premier Red.pdf,,ficha_tecnica,herramientas_accesorios,0.6667,NO,,,SI,CINTA AUTOMOTRIZ PREMIER RED,F51060033,CINTA AUTOMOTRIZ PREMIER RED 12MMX55M,0.0,INVENTARIO_SIN_CANON
CINTA AZUL PROFESIONAL PINTUCO 40 YDS,CINTA AZUL PROFESIONAL PINTUCO 40 YDS.PDF,Pintuco,ficha_tecnica,recubrimientos_pinturas,0.7500,NO,,,SI,CINTA AZUL PROFESIONAL PINTUCO 40 YDS,F90005,CINTA SMITH GEN. DE 1/2 * 40M,933.0,INVENTARIO_SIN_CANON
COPA DOBLE HILERA 115MM CODIGO 70184607602,Ficha tecnica  Copa doble hilera 115mm codigo 70184607602 (1).pdf,,ficha_tecnica,herrajes_seguridad,0.6667,NO,,,SI,COPA DOBLE HILERA 115MM CODIGO 70184607602,F51060458,COPA 5X2 C100 ABRACOL,10.0,INVENTARIO_SIN_CANON
COPA T11 CLASSIC 127X51X14MM,Ficha tecnica  COPA T11  CLASSIC  127x51x14mm.pdf,,ficha_tecnica,herrajes_seguridad,0.5833,NO,,,SI,COPA T11 CLASSIC 127X51X14MM,F51060458,COPA 5X2 C100 ABRACOL,10.0,INVENTARIO_SIN_CANON
COPA T11 CODIGO 66253141093,Ficha tecnica  COPA T11  CODIGO -  66253141093.pdf,,ficha_tecnica,herrajes_seguridad,0.5000,NO,,,SI,COPA T11 CODIGO 66253141093,F51060458,COPA 5X2 C100 ABRACOL,10.0,INVENTARIO_SIN_CANON
DISCO DE CORTE BNA12 115X1 6MM CODIGO 66252843680,"Ficha técnica Disco  de Corte BNA12  115x1,6mm código 66252843680.pdf",,ficha_tecnica,herramientas_accesorios,0.5833,NO,,,SI,DISCO DE CORTE BNA12 115X1 6MM CODIGO 66252843680,5893497,ZP MONTANA 94 MAT ROSA D EX0140277M 0.4L,31.0,INVENTARIO_SIN_CANON
DISCOS FLAP CLASSIC,Ficha técnica Discos Flap Classic.pdf,,ficha_tecnica,herramientas_accesorios,0.5000,NO,,,NO,DISCOS FLAP CLASSIC,,,0,SIN_MAPEO
DISCOS VELCRO PREMIER RED 150MM,Ficha técnica Discos velcro  premier red  150mm.pdf,,ficha_tecnica,herramientas_accesorios,0.5833,NO,,,NO,DISCOS VELCRO PREMIER RED 150MM,,,0,SIN_MAPEO
ELEGANCE,Ficha Tecnica Elegance.pdf,,ficha_tecnica,herrajes_seguridad,0.7500,NO,,,NO,ELEGANCE,,,0,SIN_MAPEO
EPOXICA BASE AGUA PINTUCO,EPOXICA BASE AGUA PINTUCO.pdf,Pintuco,ficha_tecnica,recubrimientos_pinturas,1.0000,NO,,,SI,EPOXICA BASE AGUA PINTUCO,5891270,P7  PINTUCOAT 13227 COMP B 0.37L,115.0,INVENTARIO_SIN_CANON
EPOXI POLIAMIDA ES,EPOXI POLIAMIDA [ES].pdf,,ficha_tecnica,recubrimientos_pinturas,0.8333,NO,,,SI,EPOXI POLIAMIDA ES,5890362,EPOXI POLIAMIDA 13229 UFA409/1L/AA7,37.0,INVENTARIO_SIN_CANON
EPOXY COAL TAR FREE UDA800 UDA801 ES,EPOXY COAL TAR FREE UDA800-UDA801  [ES].pdf,,ficha_tecnica,recubrimientos_pinturas,0.9167,NO,,,SI,EPOXY COAL TAR FREE UDA800 UDA801 ES,5890548,EPOXY PRIMER 10050 UEA301/3.7L/AA7,30.0,INVENTARIO_SIN_CANON
EPOXY ESTRUCTURAS UEA550 UEA551 UEA552 ES,EPOXY ESTRUCTURAS UEA550-UEA551-UEA552 [ES].pdf,,ficha_tecnica,recubrimientos_pinturas,0.9167,NO,,,SI,EPOXY ESTRUCTURAS UEA550 UEA551 UEA552 ES,5890548,EPOXY PRIMER 10050 UEA301/3.7L/AA7,30.0,INVENTARIO_SIN_CANON
EPOXY HS 13200 UEA203 13233 UEA204 ES,EPOXY HS 13200  UEA203-13233 UEA204 [ES].pdf,,ficha_tecnica,recubrimientos_pinturas,0.9167,NO,,,SI,EPOXY HS 13200 UEA203 13233 UEA204 ES,5891072,EPOXY HS 13200 UEA203/20L/AA7,0.0,INVENTARIO_SIN_CANON
EPOXY PRIMER 10050 UEA301 UEA302 ES,EPOXY PRIMER 10050 UEA301 - UEA302 [ES].pdf,,ficha_tecnica,recubrimientos_pinturas,0.9167,NO,,,SI,EPOXY PRIMER 10050 UEA301 UEA302 ES,5890548,EPOXY PRIMER 10050 UEA301/3.7L/AA7,30.0,INVENTARIO_SIN_CANON
EPOXY PRIMER 10070 UEA351 13350 UEA352 ES,EPOXY PRIMER 10070  UEA351-13350 UEA352 [ES].pdf,,ficha_tecnica,recubrimientos_pinturas,0.9167,NO,,,SI,EPOXY PRIMER 10070 UEA351 13350 UEA352 ES,5890548,EPOXY PRIMER 10050 UEA301/3.7L/AA7,30.0,INVENTARIO_SIN_CANON
EPOXY PRIMER 50RS UEA400 UEA401 UEA402 ES,EPOXY PRIMER 50RS UEA400-UEA401-UEA402 [ES].pdf,,ficha_tecnica,recubrimientos_pinturas,0.9167,NO,,,SI,EPOXY PRIMER 50RS UEA400 UEA401 UEA402 ES,5891421,EPOXY PRIMER 50RS UEA400/3.7L/AA7,6.0,INVENTARIO_SIN_CANON
EPOXY PRIMER 70RS UEA500 UEA501 ES,EPOXY PRIMER 70RS  UEA500-UEA501 [ES].pdf,,ficha_tecnica,recubrimientos_pinturas,0.8333,NO,,,SI,EPOXY PRIMER 70RS UEA500 UEA501 ES,5890548,EPOXY PRIMER 10050 UEA301/3.7L/AA7,30.0,INVENTARIO_SIN_CANON
EPOXY ZINC PRIMER 10055 UEA650 10056 UEA651 13267 UEA652 ES,EPOXY ZINC PRIMER 10055 UEA650 - 10056 UEA651- 13267 UEA652 [ES].pdf,,ficha_tecnica,recubrimientos_pinturas,0.8333,NO,,,SI,EPOXY ZINC PRIMER 10055 UEA650 10056 UEA651 13267 UEA652 ES,5890548,EPOXY PRIMER 10050 UEA301/3.7L/AA7,30.0,INVENTARIO_SIN_CANON
ESMALTE MAQUINARIA 11271 UFA102 ES,ESMALTE MAQUINARIA 11271 UFA102 [ES].pdf,,ficha_tecnica,recubrimientos_pinturas,0.7500,NO,,,SI,ESMALTE MAQUINARIA 11271 UFA102 ES,5890620,ESMALTE MAQUINARIA 11271 UFA102/3.7L/AA7,12.0,INVENTARIO_SIN_CANON
ESMALTE POLIURETANO 113XX 11351 ES,ESMALTE POLIURETANO 113XX-11351 [ES].pdf,,ficha_tecnica,recubrimientos_pinturas,0.9167,NO,,,SI,ESMALTE POLIURETANO 113XX 11351 ES,5890570,ESM POLIURETANO 11351 UFA450/3.7L/AA7,2.0,INVENTARIO_SIN_CANON
FALCON F 19,Ficha Técnica Falcon F-19 (1).pdf,,ficha_tecnica,herrajes_seguridad,0.5000,NO,,,NO,FALCON F 19,,,0,SIN_MAPEO
FLAIR,Ficha Tecnica Flair.pdf,,ficha_tecnica,herrajes_seguridad,0.7500,NO,,,NO,FLAIR,,,0,SIN_MAPEO
FT INTERLINE 399,FT INTERLINE 399.pdf,,ficha_tecnica,recubrimientos_pinturas,0.6667,NO,,,SI,FT INTERLINE 399,5854977,PQ COLORANTE BAJO VOC AZUL 0.95L,254.0,INVENTARIO_SIN_CANON
GUIA SISTEMAS MANTENIMIENTO INDUSTRIA SEP2025,GUIA-Sistemas Mantenimiento Industria_Sep2025 (2).pdf,,guia_solucion,recubrimientos_pinturas,0.5833,NO,,,NO,GUIA SISTEMAS MANTENIMIENTO INDUSTRIA SEP2025,,,0,SIN_MAPEO
H100 BALL,Ficha Tecnica H100 Ball.pdf,,ficha_tecnica,herrajes_seguridad,0.7500,NO,,,NO,H100 BALL,,,0,SIN_MAPEO
H100 JUPITER,Ficha Tecnica H100 Júpiter.pdf,,ficha_tecnica,herrajes_seguridad,0.7500,NO,,,NO,H100 JUPITER,,,0,SIN_MAPEO
HINGES 5PB1 5BB1,Hinges 5PB1_5BB1.pdf,,ficha_tecnica,herrajes_seguridad,0.4167,NO,,,NO,HINGES 5PB1 5BB1,,,0,SIN_MAPEO
H ORBIT,Ficha Tecnica H Orbit.pdf,,ficha_tecnica,herrajes_seguridad,0.7500,NO,,,NO,H ORBIT,,,0,SIN_MAPEO
INHIBIDOR FLASH RUST 10076 UEA700 ES,INHIBIDOR FLASH RUST 10076 UEA700 [ES].pdf,,ficha_tecnica,recubrimientos_pinturas,0.7500,NO,,,NO,INHIBIDOR FLASH RUST 10076 UEA700 ES,,,0,SIN_MAPEO
INTERCHAR 2060 ES,INTERCHAR 2060 [ES] (1).pdf,Interchar,ficha_tecnica,recubrimientos_pinturas,0.6667,SI,Interchar,interchar,SI,interchar,5250528,INTERCHAR 2060 HFA060/20L/EU,1.0,OK_COMPLETO
INTERGARD2002 ES,INTERGARD2002 [ES] (1).pdf,Intergard,ficha_tecnica,recubrimientos_pinturas,0.9167,SI,Intergard,intergard,SI,intergard,5897961,INTERGARD 740 ECA011/3.7L/AA7,100.0,OK_COMPLETO
INTERGARD 251,INTERGARD 251.pdf,Intergard,ficha_tecnica,recubrimientos_pinturas,0.6667,SI,Intergard,intergard,SI,intergard,5897961,INTERGARD 740 ECA011/3.7L/AA7,100.0,OK_COMPLETO
INTERGARD 475HS,INTERGARD 475HS.pdf,Intergard,ficha_tecnica,recubrimientos_pinturas,0.8333,SI,Intergard,intergard,SI,intergard,5897961,INTERGARD 740 ECA011/3.7L/AA7,100.0,OK_COMPLETO
INTERGARD 740,Intergard 740 (2).pdf,Intergard,ficha_tecnica,recubrimientos_pinturas,0.8333,SI,Intergard 740,intergard 740,SI,intergard 740,5897961,INTERGARD 740 ECA011/3.7L/AA7,100.0,OK_COMPLETO
INTERLINE 850,INTERLINE 850.pdf,,ficha_tecnica,recubrimientos_pinturas,0.5833,NO,,,NO,INTERLINE 850,,,0,SIN_MAPEO
INTERLINE 859,INTERLINE 859.pdf,,ficha_tecnica,herramientas_accesorios,0.7500,NO,,,NO,INTERLINE 859,,,0,SIN_MAPEO
INTERLINE 975P,INTERLINE 975P.pdf,,ficha_tecnica,recubrimientos_pinturas,0.6667,NO,,,NO,INTERLINE 975P,,,0,SIN_MAPEO
INTERLINE 975P ES,INTERLINE-975P [ES].pdf,,ficha_tecnica,herramientas_accesorios,0.7500,NO,,,NO,INTERLINE 975P ES,,,0,SIN_MAPEO
INTERNATIONAL 21204,INTERNATIONAL 21204.pdf,International,ficha_tecnica,recubrimientos_pinturas,0.6667,NO,,,SI,INTERNATIONAL 21204,5891066,AJUSTADOR XILOL 21204 GTA007/20L/AA7,6.0,INVENTARIO_SIN_CANON
INTERSEAL 1509 SPANISH,Interseal 1509 - Spanish.pdf,Interseal,ficha_tecnica,recubrimientos_pinturas,0.7500,SI,Interseal,interseal,SI,interseal,5893595,INTERSEAL 670HS EGA105/3.7L/AA7,84.0,OK_COMPLETO
INTERSEAL 670HS,INTERSEAL 670HS.pdf,Interseal,ficha_tecnica,recubrimientos_pinturas,0.6667,SI,Interseal,interseal,SI,interseal,5893595,INTERSEAL 670HS EGA105/3.7L/AA7,84.0,OK_COMPLETO
INTERSEAL 670HS EN,INTERSEAL 670HS [EN] (1).pdf,Interseal,ficha_tecnica,recubrimientos_pinturas,0.8333,SI,Interseal,interseal,SI,interseal,5893595,INTERSEAL 670HS EGA105/3.7L/AA7,84.0,OK_COMPLETO
INTERSHIED 6GV,INTERSHIED 6GV.pdf,,ficha_tecnica,herrajes_seguridad,0.6667,NO,,,NO,INTERSHIED 6GV,,,0,SIN_MAPEO
INTERSHIELD 300,INTERSHIELD 300.pdf,,ficha_tecnica,recubrimientos_pinturas,0.6667,NO,,,NO,INTERSHIELD 300,,,0,SIN_MAPEO
INTERTHANE 990,INTERTHANE 990.pdf,Interthane,ficha_tecnica,recubrimientos_pinturas,0.7500,SI,Interthane 990 + Catalizador,interthane 990,SI,interthane 990,5898967,INTERTHANE 990 PHA046/0.5L/AA7,65.0,OK_COMPLETO
INTERTHERM 3350,INTERTHERM 3350.pdf,,ficha_tecnica,herramientas_accesorios,0.6667,NO,,,NO,INTERTHERM 3350,,,0,SIN_MAPEO
INTERTUF 262,INTERTUF 262.pdf,,ficha_tecnica,recubrimientos_pinturas,0.8333,NO,,,NO,INTERTUF 262,,,0,SIN_MAPEO
INTERZONE 954,INTERZONE 954.pdf,Interzone,ficha_tecnica,recubrimientos_pinturas,0.7500,NO,,,NO,INTERZONE 954,,,0,SIN_MAPEO
ISO 12944 ES,ISO 12944 [ES] (1).pdf,,ficha_tecnica,recubrimientos_pinturas,0.8333,NO,,,SI,ISO 12944 ES,51006125,VARSOL EN BOTELLAS,994.5,INVENTARIO_SIN_CANON
JUPITER,Ficha Tecnica Júpiter.pdf,,ficha_tecnica,herrajes_seguridad,0.7500,NO,,,SI,JUPITER,F6014103,JUPITER CROMADO MATE A40S BAÑO,23.0,INVENTARIO_SIN_CANON
LIJA PREMIER RED HOJAS,Ficha tecnica Lija Premier Red - hojas.pdf,,ficha_tecnica,herramientas_accesorios,0.5833,NO,,,SI,LIJA PREMIER RED HOJAS,F51059968,LIJA SECA PREMIER RED 9X11 GRANO #150,2526.0,INVENTARIO_SIN_CANON
MASTIC EPOXY ES,MASTIC EPOXY [ES].pdf,,ficha_tecnica,recubrimientos_pinturas,0.8333,NO,,,SI,MASTIC EPOXY ES,5891072,EPOXY HS 13200 UEA203/20L/AA7,0.0,INVENTARIO_SIN_CANON
MEGA,Ficha Técnica Mega.pdf,Mega,ficha_tecnica,herrajes_seguridad,0.5833,NO,,,SI,MEGA,F6514520,LIJA OMEGA #150,5031.0,INVENTARIO_SIN_CANON
MEGA INSTA FACIL,Ficha Técnica Mega Insta-Fácil.pdf,Mega,ficha_tecnica,herrajes_seguridad,0.6667,NO,,,SI,MEGA INSTA FACIL,F6514520,LIJA OMEGA #150,5031.0,INVENTARIO_SIN_CANON
OJOS MAGICOS,Ficha Técnica Ojos Mágicos.pdf,,ficha_tecnica,herrajes_seguridad,0.5833,NO,,,NO,OJOS MAGICOS,,,0,SIN_MAPEO
ORBIT,Ficha Tecnica Orbit.pdf,,ficha_tecnica,herrajes_seguridad,0.7500,NO,,,NO,ORBIT,,,0,SIN_MAPEO
ORION,orion .pdf,,ficha_tecnica,herrajes_seguridad,0.6667,NO,,,NO,ORION,,,0,SIN_MAPEO
PINTUBOAT 4118 UDA300 4119 UDA302 4120 UDA30 ES,PINTUBOAT 4118 UDA300-4119 UDA302-4120 UDA30 [ES].pdf,,ficha_tecnica,herrajes_seguridad,0.9167,NO,,,NO,PINTUBOAT 4118 UDA300 4119 UDA302 4120 UDA30 ES,,,0,SIN_MAPEO
PINTUCO ACRILICA PARA MANTENIMIENTO,ACRILICA PARA MANTENIMIENTO.pdf,Pintuco,ficha_tecnica,recubrimientos_pinturas,0.8333,NO,,,SI,PINTUCO ACRILICA PARA MANTENIMIENTO,5893169,ACRILICA MANT BRILL 11A44A/3.7L/AA7,41.0,INVENTARIO_SIN_CANON
PINTUCO ACRILTEX VINILTEX,ACRILTEX VINILTEX.pdf,Pintuco,ficha_tecnica,recubrimientos_pinturas,0.8333,NO,,,SI,PINTUCO ACRILTEX VINILTEX,5890434,PQ VINILTEX BYC SA BLANCO 2001 0.95L,65.0,INVENTARIO_SIN_CANON
PINTUCO ACUALUX,ACUALUX.pdf,Pintuco,ficha_tecnica,recubrimientos_pinturas,0.8333,NO,,,SI,PINTUCO ACUALUX,5890745,PQ PINTULUX ACUALUX SB ACCEN 27777 3.79L,41.0,INVENTARIO_SIN_CANON
PINTUCO AEROCOLOR ALTAS TEMPERATURAS,AEROCOLOR ALTAS TEMPERATURAS.pdf,Pintuco,ficha_tecnica,recubrimientos_pinturas,0.8333,SI,Altas Temperaturas,altas temperaturas,SI,altas temperaturas,5893700,PQ AEROCOLOR ALTAS TEMP BR ALUMINIO 0.3L,178.0,OK_COMPLETO
PINTUCO AEROCOLOR ELECTROGASODOMESTICOS,AEROCOLOR ELECTROGASODOMESTICOS.pdf,Pintuco,ficha_tecnica,recubrimientos_pinturas,0.7500,NO,,,SI,PINTUCO AEROCOLOR ELECTROGASODOMESTICOS,5892752,PQ AEROCOLOR ELECT BR GRIS PLATINO 0.3L,5.0,INVENTARIO_SIN_CANON
PINTUCO AEROCOLOR MULTISUPERFICIE,AEROCOLOR MULTISUPERFICIE.pdf,Pintuco,ficha_tecnica,recubrimientos_pinturas,0.9167,NO,,,SI,PINTUCO AEROCOLOR MULTISUPERFICIE,5893679,PQ AEROCOLOR MULTISU BR BERMELLON 0.3L,259.0,INVENTARIO_SIN_CANON
PINTUCO AEROCOLOR PARA RINES,AEROCOLOR PARA RINES.pdf,Pintuco,ficha_tecnica,recubrimientos_pinturas,0.8333,NO,,,SI,PINTUCO AEROCOLOR PARA RINES,5893679,PQ AEROCOLOR MULTISU BR BERMELLON 0.3L,259.0,INVENTARIO_SIN_CANON
PINTUCO AEROSOL TEKBOND,AEROSOL TEKBOND.pdf,Pintuco,ficha_tecnica,recubrimientos_pinturas,0.8333,NO,,,SI,PINTUCO AEROSOL TEKBOND,5893679,PQ AEROCOLOR MULTISU BR BERMELLON 0.3L,259.0,INVENTARIO_SIN_CANON
PINTUCO AJUSTADOR ACRILICAS CAUCHO CLORADO 21121,AJUSTADOR ACRILICAS CAUCHO CLORADO 21121.pdf,Pintuco,ficha_tecnica,recubrimientos_pinturas,0.7500,NO,,,SI,PINTUCO AJUSTADOR ACRILICAS CAUCHO CLORADO 21121,5891066,AJUSTADOR XILOL 21204 GTA007/20L/AA7,6.0,INVENTARIO_SIN_CANON
PINTUCO AJUSTADOR AROMATICO 21204,AJUSTADOR AROMATICO 21204.pdf,Pintuco,ficha_tecnica,recubrimientos_pinturas,0.6667,NO,,,SI,PINTUCO AJUSTADOR AROMATICO 21204,5892870,MEG DILUYENTE 21125 AC 3.78L,40.0,INVENTARIO_SIN_CANON
PINTUCO AJUSTADOR AROMATICO INCOLORO 21134,AJUSTADOR AROMÁTICO INCOLORO 21134.pdf,Pintuco,ficha_tecnica,recubrimientos_pinturas,0.7500,NO,,,SI,PINTUCO AJUSTADOR AROMATICO INCOLORO 21134,5892870,MEG DILUYENTE 21125 AC 3.78L,40.0,INVENTARIO_SIN_CANON
PINTUCO AJUSTADOR EPOXICO 21209,AJUSTADOR EPÓXICO 21209.pdf,Pintuco,ficha_tecnica,recubrimientos_pinturas,0.4167,NO,,,SI,PINTUCO AJUSTADOR EPOXICO 21209,5892870,MEG DILUYENTE 21125 AC 3.78L,40.0,INVENTARIO_SIN_CANON
PINTUCO AJUSTADOR XILOL 21204,AJUSTADOR XILOL 21204.pdf,Pintuco,ficha_tecnica,recubrimientos_pinturas,0.7500,NO,,,SI,PINTUCO AJUSTADOR XILOL 21204,5891066,AJUSTADOR XILOL 21204 GTA007/20L/AA7,6.0,INVENTARIO_SIN_CANON
PINTUCO ALTA TEMPERATURA ALUMINIO 904,ALTA TEMPERATURA ALUMINIO 904.pdf,Pintuco,ficha_tecnica,recubrimientos_pinturas,0.8333,SI,Altas Temperaturas,altas temperaturas,SI,altas temperaturas,5893700,PQ AEROCOLOR ALTAS TEMP BR ALUMINIO 0.3L,178.0,OK_COMPLETO
PINTUCO ALTA TEMPERATURA ALUMINIO 905,ALTA TEMPERATURA ALUMINIO 905.pdf,Pintuco,ficha_tecnica,recubrimientos_pinturas,0.9167,SI,Altas Temperaturas,altas temperaturas,SI,altas temperaturas,5893700,PQ AEROCOLOR ALTAS TEMP BR ALUMINIO 0.3L,178.0,OK_COMPLETO
PINTUCO ALTA TEMPERATURA GRIS 902,ALTA TEMPERATURA GRIS 902.pdf,Pintuco,ficha_tecnica,recubrimientos_pinturas,0.9167,SI,Altas Temperaturas,altas temperaturas,SI,altas temperaturas,5893700,PQ AEROCOLOR ALTAS TEMP BR ALUMINIO 0.3L,178.0,OK_COMPLETO
PINTUCO ALTA TEMPERATURA NEGRA 901,ALTA TEMPERATURA NEGRA 901.pdf,Pintuco,ficha_tecnica,recubrimientos_pinturas,0.9167,SI,Altas Temperaturas,altas temperaturas,SI,altas temperaturas,5893700,PQ AEROCOLOR ALTAS TEMP BR ALUMINIO 0.3L,178.0,OK_COMPLETO
PINTUCO ALTA TEMPERATURA NEGRO 901,ALTA TEMPERATURA NEGRO 901.pdf,Pintuco,ficha_tecnica,recubrimientos_pinturas,0.9167,SI,Altas Temperaturas,altas temperaturas,SI,altas temperaturas,5893700,PQ AEROCOLOR ALTAS TEMP BR ALUMINIO 0.3L,178.0,OK_COMPLETO
PINTUCO ALUMINIO LIQUIDO ECP 100,ALUMINIO LIQUIDO ECP-100.pdf,Pintuco,ficha_tecnica,recubrimientos_pinturas,0.9167,NO,,,SI,PINTUCO ALUMINIO LIQUIDO ECP 100,5893700,PQ AEROCOLOR ALTAS TEMP BR ALUMINIO 0.3L,178.0,INVENTARIO_SIN_CANON
PINTUCO ANTICORROSIVO AMARILLO 505,ANTICORROSIVO AMARILLO  505.pdf,Pintuco,ficha_tecnica,recubrimientos_pinturas,0.8333,NO,,,SI,PINTUCO ANTICORROSIVO AMARILLO 505,5890864,PQ CORROTEC PREMIUM MAT ROJO 310 3.79L,65.0,INVENTARIO_SIN_CANON
PINTUCO ANTICORROSIVO INDUSTRIAL 210003,ANTICORROSIVO INDUSTRIAL 210003.pdf,Pintuco,ficha_tecnica,recubrimientos_pinturas,0.9167,NO,,,SI,PINTUCO ANTICORROSIVO INDUSTRIAL 210003,5890864,PQ CORROTEC PREMIUM MAT ROJO 310 3.79L,65.0,INVENTARIO_SIN_CANON
PINTUCO ANTICORROSIVO ROJO 10050 545,ANTICORROSIVO ROJO 10050 - 545.pdf,Pintuco,ficha_tecnica,recubrimientos_pinturas,0.9167,NO,,,SI,PINTUCO ANTICORROSIVO ROJO 10050 545,5890548,EPOXY PRIMER 10050 UEA301/3.7L/AA7,30.0,INVENTARIO_SIN_CANON
PINTUCO AQUABLOCK ULTRA,AQUABLOCK ULTRA.pdf,Pintuco,ficha_tecnica,recubrimientos_pinturas,0.6667,SI,Aquablock,aquablock ultra,SI,aquablock ultra,5892400,PQ AQUABLOCK ULTRA MAT BLANC 27070 0.95L,53.0,OK_COMPLETO
PINTUCO ARENA DE QUARZO G300N,ARENA DE QUARZO G300N.pdf,Pintuco,ficha_tecnica,recubrimientos_pinturas,0.5833,NO,,,SI,PINTUCO ARENA DE QUARZO G300N,5890687,PQ VINILTEX ADV MAT ARENA 1557 3.79L,0.0,INVENTARIO_SIN_CANON
PINTUCO ASEPSIA ULTRA,ASEPSIA ULTRA.pdf,Pintuco,ficha_tecnica,recubrimientos_pinturas,0.8333,NO,,,SI,PINTUCO ASEPSIA ULTRA,5893351,P7 ASEPSIA ULTRA BLANCO 27081 3.79L,8.0,INVENTARIO_SIN_CANON
PINTUCOAT BASE AGUA,PINTUCOAT BASE AGUA.pdf,Pintuco,ficha_tecnica,recubrimientos_pinturas,0.9167,SI,Pintucoat,pintucoat,SI,pintucoat,5891270,P7  PINTUCOAT 13227 COMP B 0.37L,115.0,OK_COMPLETO
PINTUCOAT PLUS,PINTUCOAT PLUS.pdf,Pintuco,ficha_tecnica,recubrimientos_pinturas,0.9167,SI,Pintucoat,pintucoat,SI,pintucoat,5891270,P7  PINTUCOAT 13227 COMP B 0.37L,115.0,OK_COMPLETO
PINTUCO BARNEX EXTRA PROTECCION,BARNEX EXTRA PROTECCIÓN.pdf,Pintuco,ficha_tecnica,recubrimientos_pinturas,1.0000,SI,Barnex,barnex,SI,barnex,5890527,MH BARNEX EXTRA BR INCOLORO 6602 0.95L,55.0,OK_COMPLETO
PINTUCO BARNIZ BARNEX 557,BARNIZ BARNEX 557.pdf,Pintuco,ficha_tecnica,recubrimientos_pinturas,1.0000,SI,Barnex,barnex,SI,barnex,5890527,MH BARNEX EXTRA BR INCOLORO 6602 0.95L,55.0,OK_COMPLETO
PINTUCO BARNIZ CLEAR MATE 9450,BARNIZ CLEAR MATE 9450.pdf,Pintuco,ficha_tecnica,recubrimientos_pinturas,0.7500,NO,,,SI,PINTUCO BARNIZ CLEAR MATE 9450,5864451,MEG CLEAR HS 2K RFU5500 AC 3.78L,69.0,INVENTARIO_SIN_CANON
PINTUCO BARNIZ CRISTAL CLEAR 9400,BARNIZ CRISTAL CLEAR 9400.pdf,Pintuco,ficha_tecnica,recubrimientos_pinturas,0.7500,NO,,,SI,PINTUCO BARNIZ CRISTAL CLEAR 9400,5890473,MH PISOS TRAFICO ALT B CAT BR 1551 0.95L,102.0,INVENTARIO_SIN_CANON
PINTUCO BARNIZ SD1,BARNIZ SD1.pdf,Pintuco,ficha_tecnica,recubrimientos_pinturas,1.0000,NO,,,SI,PINTUCO BARNIZ SD1,5890473,MH PISOS TRAFICO ALT B CAT BR 1551 0.95L,102.0,INVENTARIO_SIN_CANON
PINTUCO BASE INMUNIZANTE BARNEX,BASE INMUNIZANTE BARNEX.pdf,Pintuco,ficha_tecnica,recubrimientos_pinturas,0.8333,SI,Barnex,barnex,SI,barnex,5890527,MH BARNEX EXTRA BR INCOLORO 6602 0.95L,55.0,OK_COMPLETO
PINTUCO BROCHURE KORAZA PINTURA IMPERMEABILIZANTE,BROCHURE KORAZA PINTURA IMPERMEABILIZANTE.pdf,Pintuco,guia_solucion,recubrimientos_pinturas,0.7500,SI,Koraza,koraza,SI,koraza,5891888,P7 KOR PRO 550 MAT BA ACCEN 27477 18.93L,274.0,OK_COMPLETO
PINTUCO CANCHAS,CANCHAS.pdf,Pintuco,ficha_tecnica,recubrimientos_pinturas,0.8333,SI,Pintura Canchas,pintura canchas,SI,pintura canchas,5891597,PQ CANCHAS MAT BASE ACCENT 1876 18.93L,57.0,OK_COMPLETO
PINTUCO CATALIZADOR E 40,CATALIZADOR E-40.pdf,Pintuco,ficha_tecnica,recubrimientos_pinturas,0.6667,NO,,,SI,PINTUCO CATALIZADOR E 40,5891270,P7  PINTUCOAT 13227 COMP B 0.37L,115.0,INVENTARIO_SIN_CANON
PINTUCO CLEAR RFU 5500,CLEAR RFU-5500.pdf,Pintuco,ficha_tecnica,recubrimientos_pinturas,0.6667,NO,,,SI,PINTUCO CLEAR RFU 5500,5864451,MEG CLEAR HS 2K RFU5500 AC 3.78L,69.0,INVENTARIO_SIN_CANON
PINTUCO CONCENTRADOS,CONCENTRADOS.pdf,Pintuco,ficha_tecnica,recubrimientos_pinturas,0.8333,NO,,,SI,PINTUCO CONCENTRADOS,5854977,PQ COLORANTE BAJO VOC AZUL 0.95L,254.0,INVENTARIO_SIN_CANON
PINTUCO CONSTRUCLEANER LADRILLO CLARO,CONSTRUCLEANER LADRILLO CLARO.pdf,Pintuco,ficha_tecnica,recubrimientos_pinturas,0.8333,SI,Construcleaner,construcleaner,SI,construcleaner,5891752,PQ CONSTRUCLEAN LIMP NO CORR 3105 18.93L,0.0,OK_COMPLETO
PINTUCO CONSTRUCLEANER LADRILLO ROJO,CONSTRUCLEANER LADRILLO ROJO.pdf,Pintuco,ficha_tecnica,recubrimientos_pinturas,0.8333,SI,Construcleaner,construcleaner,SI,construcleaner,5891752,PQ CONSTRUCLEAN LIMP NO CORR 3105 18.93L,0.0,OK_COMPLETO
PINTUCO CONSTRUCLEANER LIMPIADOR DESDENGRASANTE,CONSTRUCLEANER LIMPIADOR DESDENGRASANTE.pdf,Pintuco,ficha_tecnica,recubrimientos_pinturas,0.6667,SI,Construcleaner,construcleaner,SI,construcleaner,5891752,PQ CONSTRUCLEAN LIMP NO CORR 3105 18.93L,0.0,OK_COMPLETO
PINTUCO CONSTRUCLEANER LIMPIADOR ECOLOGICO LADRILLO,CONSTRUCLEANER LIMPIADOR ECOLOGICO LADRILLO.pdf,Pintuco,ficha_tecnica,recubrimientos_pinturas,0.8333,SI,Construcleaner,construcleaner,SI,construcleaner,5891752,PQ CONSTRUCLEAN LIMP NO CORR 3105 18.93L,0.0,OK_COMPLETO
PINTUCO CONSTRUCLEANER LIMPIADOR NO CORROSIVO,CONSTRUCLEANER LIMPIADOR NO CORROSIVO.pdf,Pintuco,ficha_tecnica,recubrimientos_pinturas,0.8333,SI,Construcleaner,construcleaner,SI,construcleaner,5891752,PQ CONSTRUCLEAN LIMP NO CORR 3105 18.93L,0.0,OK_COMPLETO
PINTUCO CONSTRUCLEANER MANTENIMIENTO FACHADAS,CONSTRUCLEANER MANTENIMIENTO FACHADAS.pdf,Pintuco,ficha_tecnica,recubrimientos_pinturas,0.8333,SI,Construcleaner,construcleaner,SI,construcleaner,5891752,PQ CONSTRUCLEAN LIMP NO CORR 3105 18.93L,0.0,OK_COMPLETO
PINTUCO CONSTRUCLEANER RESTAURADOR DE LADRILLO,CONSTRUCLEANER RESTAURADOR DE LADRILLO.pdf,Pintuco,ficha_tecnica,recubrimientos_pinturas,0.6667,SI,Construcleaner,construcleaner,SI,construcleaner,5891752,PQ CONSTRUCLEAN LIMP NO CORR 3105 18.93L,0.0,OK_COMPLETO
PINTUCO CONSTRUCLEANER RESTAURADOR FACHADAS,CONSTRUCLEANER RESTAURADOR FACHADAS.pdf,Pintuco,ficha_tecnica,recubrimientos_pinturas,0.8333,SI,Construcleaner,construcleaner,SI,construcleaner,5891752,PQ CONSTRUCLEAN LIMP NO CORR 3105 18.93L,0.0,OK_COMPLETO
PINTUCO CONSTRUCLEANER RINSE LADRILLO ROJO,CONSTRUCLEANER RINSE LADRILLO ROJO.pdf,Pintuco,ficha_tecnica,recubrimientos_pinturas,0.7500,SI,Construcleaner,construcleaner,SI,construcleaner,5891752,PQ CONSTRUCLEAN LIMP NO CORR 3105 18.93L,0.0,OK_COMPLETO
PINTUCO CONSTRUCRIL,CONSTRUCRIL.pdf,Pintuco,ficha_tecnica,recubrimientos_pinturas,0.8333,NO,,,SI,PINTUCO CONSTRUCRIL,5899562,MEG MASILLA POLIESTER P1500 AC 0.75KG,1321.0,INVENTARIO_SIN_CANON
PINTUCO CORROTEC,CORROTEC.pdf,Pintuco,ficha_tecnica,recubrimientos_pinturas,0.9167,SI,Corrotec,corrotec,SI,corrotec,5890864,PQ CORROTEC PREMIUM MAT ROJO 310 3.79L,65.0,OK_COMPLETO
PINTUCO CORROTEC EPOXI ZINC 2K 10073,CORROTEC EPOXI ZINC 2K 10073.pdf,Pintuco,ficha_tecnica,recubrimientos_pinturas,0.9167,SI,Corrotec,corrotec,SI,corrotec,5890864,PQ CORROTEC PREMIUM MAT ROJO 310 3.79L,65.0,OK_COMPLETO
PINTUCO CORROTEC PREMIUM,CORROTEC PREMIUM.pdf,Pintuco,ficha_tecnica,recubrimientos_pinturas,0.7500,SI,Corrotec,corrotec,SI,corrotec,5890864,PQ CORROTEC PREMIUM MAT ROJO 310 3.79L,65.0,OK_COMPLETO
PINTUCO CORROTEC PRIMER EPOXICO 10070 13350,corrotec-primer-epoxico-10070-13350.pdf,Pintuco,ficha_tecnica,recubrimientos_pinturas,0.8333,SI,Corrotec,corrotec,SI,corrotec,5890864,PQ CORROTEC PREMIUM MAT ROJO 310 3.79L,65.0,OK_COMPLETO
PINTUCO DESMOLDANTE GLASS 3X1,DESMOLDANTE GLASS 3x1.pdf,Pintuco,ficha_tecnica,recubrimientos_pinturas,0.8333,NO,,,SI,PINTUCO DESMOLDANTE GLASS 3X1,20012858,DESMOLDANTE GLASST 3X1 310126 CANEC 17KG,0.0,INVENTARIO_SIN_CANON
PINTUCO DESMOLDANTE GLASS PRIME,DESMOLDANTE GLASS PRIME.pdf,Pintuco,ficha_tecnica,recubrimientos_pinturas,0.7500,NO,,,SI,PINTUCO DESMOLDANTE GLASS PRIME,20002529,DESMOLDANTE PRIME 310128 TAMBOR 180 KG,0.0,INVENTARIO_SIN_CANON
PINTUCO DESMOLDANTE GLASS SUPREME,DESMOLDANTE GLASS SUPREME.pdf,Pintuco,ficha_tecnica,recubrimientos_pinturas,0.7500,NO,,,SI,PINTUCO DESMOLDANTE GLASS SUPREME,20002529,DESMOLDANTE PRIME 310128 TAMBOR 180 KG,0.0,INVENTARIO_SIN_CANON
PINTUCO DESMOLDANTE GLASST PRIME,DESMOLDANTE GLASST PRIME.pdf,Pintuco,ficha_tecnica,recubrimientos_pinturas,0.5833,NO,,,SI,PINTUCO DESMOLDANTE GLASST PRIME,20002529,DESMOLDANTE PRIME 310128 TAMBOR 180 KG,0.0,INVENTARIO_SIN_CANON
PINTUCO DOMESTICO,DOMESTICO.pdf,Pintuco,ficha_tecnica,recubrimientos_pinturas,0.7500,NO,,,SI,PINTUCO DOMESTICO,5893654,PQ AEROCOLOR ELECTROGAS MAT BLANCO 0.3L,174.0,INVENTARIO_SIN_CANON
PINTUCO DRYWALL TIPO 2,DRYWALL TIPO 2.pdf,Pintuco,ficha_tecnica,recubrimientos_pinturas,0.7500,NO,,,SI,PINTUCO DRYWALL TIPO 2,5892119,P7 DRYWALL TIPO 2 BLANCO 3780 18.93L,98.0,INVENTARIO_SIN_CANON
PINTUCO EPOXICA BASE AGUA,EPÓXICA BASE AGUA.pdf,Pintuco,ficha_tecnica,recubrimientos_pinturas,1.0000,NO,,,SI,PINTUCO EPOXICA BASE AGUA,5891270,P7  PINTUCOAT 13227 COMP B 0.37L,115.0,INVENTARIO_SIN_CANON
PINTUCO EPOXIPOLIAMIDA,EPOXIPOLIAMIDA.pdf,Pintuco,ficha_tecnica,recubrimientos_pinturas,0.9167,NO,,,SI,PINTUCO EPOXIPOLIAMIDA,5899562,MEG MASILLA POLIESTER P1500 AC 0.75KG,1321.0,INVENTARIO_SIN_CANON
PINTUCO EQUIPOS GRACO,EQUIPOS GRACO.pdf,Pintuco,ficha_tecnica,recubrimientos_pinturas,0.7500,NO,,,SI,PINTUCO EQUIPOS GRACO,10400012,WAGNER CONTROL PRO 190,0.0,INVENTARIO_SIN_CANON
PINTUCO ESGRAFIADO PREMIUN GRANIPLAST,ESGRAFIADO PREMIUN GRANIPLAST.pdf,Pintuco,ficha_tecnica,recubrimientos_pinturas,0.9167,NO,,,SI,PINTUCO ESGRAFIADO PREMIUN GRANIPLAST,5892333,PQ ESGRAFIADO EST MAT 40401 18.93L 30K,76.0,INVENTARIO_SIN_CANON
PINTUCO ESGRAFIADO STANDARD GRANIPLAST,ESGRAFIADO STANDARD GRANIPLAST.pdf,Pintuco,ficha_tecnica,recubrimientos_pinturas,0.9167,NO,,,SI,PINTUCO ESGRAFIADO STANDARD GRANIPLAST,5892333,PQ ESGRAFIADO EST MAT 40401 18.93L 30K,76.0,INVENTARIO_SIN_CANON
PINTUCO ESMALTE PARA PROTECCION MAQUINARIA,ESMALTE PARA PROTECCION MAQUINARIA.pdf,Pintuco,ficha_tecnica,recubrimientos_pinturas,0.9167,NO,,,SI,PINTUCO ESMALTE PARA PROTECCION MAQUINARIA,5890620,ESMALTE MAQUINARIA 11271 UFA102/3.7L/AA7,12.0,INVENTARIO_SIN_CANON
PINTUCO ESMALTE POLIURETANO MADERA,ESMALTE POLIURETANO MADERA.pdf,Pintuco,ficha_tecnica,recubrimientos_pinturas,0.9167,NO,,,SI,PINTUCO ESMALTE POLIURETANO MADERA,5890570,ESM POLIURETANO 11351 UFA450/3.7L/AA7,2.0,INVENTARIO_SIN_CANON
PINTUCO ESMALTES TOP QUALITY,ESMALTES TOP QUALITY.pdf,Pintuco,ficha_tecnica,recubrimientos_pinturas,0.9167,SI,Esmaltes Top Quality,top quality,SI,top quality,10358889,TOP QUALITY PLUS BLANCO SEMI BTE 1G,2.0,OK_COMPLETO
PINTUCO ESPUMA DE POLIURETANO,ESPUMA DE POLIURETANO.pdf,Pintuco,ficha_tecnica,recubrimientos_pinturas,0.6667,SI,Espuma de Poliuretano,espuma de poliuretano,SI,espuma de poliuretano,F51060806,ESPUMA DE POLIURETANO AFIX 500 ML,50.0,OK_COMPLETO
PINTUCO ESTABILIDAD DE PRODUCTOS,ESTABILIDAD DE PRODUCTOS.pdf,Pintuco,ficha_tecnica,recubrimientos_pinturas,0.5000,NO,,,SI,PINTUCO ESTABILIDAD DE PRODUCTOS,5899562,MEG MASILLA POLIESTER P1500 AC 0.75KG,1321.0,INVENTARIO_SIN_CANON
PINTUCO ESTABILIDAD DE PRODUCTOS2,ESTABILIDAD DE PRODUCTOS2.pdf,Pintuco,ficha_tecnica,recubrimientos_pinturas,0.7500,NO,,,SI,PINTUCO ESTABILIDAD DE PRODUCTOS2,5899562,MEG MASILLA POLIESTER P1500 AC 0.75KG,1321.0,INVENTARIO_SIN_CANON
PINTUCO ESTUCO ACRILICO EXTERIOR,ESTUCO ACRILICO EXTERIOR FICHA TECNICA ACTUALIZADA.pdf,Pintuco,ficha_tecnica,recubrimientos_pinturas,0.6667,NO,,,SI,PINTUCO ESTUCO ACRILICO EXTERIOR,5892443,PQ ESTUCO PROF INT/EXT 17090 1K,90.0,INVENTARIO_SIN_CANON
PINTUCO ESTUCOMASTIC 2 EN 1,ESTUCOMASTIC 2 EN 1.pdf,Pintuco,ficha_tecnica,recubrimientos_pinturas,0.7500,NO,,,SI,PINTUCO ESTUCOMASTIC 2 EN 1,5892124,PQ ESTUCOMAST BLANCO 18070 18.93L 27K,656.0,INVENTARIO_SIN_CANON
PINTUCO ESTUCO PROFESIONAL 2 EN 1,ESTUCO PROFESIONAL 2 EN 1.pdf,Pintuco,ficha_tecnica,recubrimientos_pinturas,0.8333,NO,,,SI,PINTUCO ESTUCO PROFESIONAL 2 EN 1,5892443,PQ ESTUCO PROF INT/EXT 17090 1K,90.0,INVENTARIO_SIN_CANON
PINTUCO ESTUCO PROFESIONAL OBRA,ESTUCO PROFESIONAL OBRA.pdf,Pintuco,ficha_tecnica,recubrimientos_pinturas,0.7500,NO,,,SI,PINTUCO ESTUCO PROFESIONAL OBRA,5891408,P7 ESTUCO OBRAS BLANCO 17060C 18.93L 30K,15.0,INVENTARIO_SIN_CANON
PINTUCO ESTUCOR LISTO,ESTUCOR LISTO.pdf,Pintuco,ficha_tecnica,recubrimientos_pinturas,0.6667,NO,,,SI,PINTUCO ESTUCOR LISTO,51000029,ESTUCOR BULTO,0.0,INVENTARIO_SIN_CANON
PINTUCO ESTUCOR MOLDURAS,ESTUCOR MOLDURAS.pdf,Pintuco,ficha_tecnica,recubrimientos_pinturas,0.8333,NO,,,SI,PINTUCO ESTUCOR MOLDURAS,51000029,ESTUCOR BULTO,0.0,INVENTARIO_SIN_CANON
PINTUCO FDC ANTICORROSIVO VERDE OLIVA 513,FDC ANTICORROSIVO VERDE OLIVA 513.pdf,Pintuco,ficha_tecnica,recubrimientos_pinturas,0.8333,NO,,,SI,PINTUCO FDC ANTICORROSIVO VERDE OLIVA 513,5899562,MEG MASILLA POLIESTER P1500 AC 0.75KG,1321.0,INVENTARIO_SIN_CANON
PINTUCO FICHA TEC. THINNER DISTRI QUIMICOS,FICHA TEC. THINNER DISTRI QUIMICOS.pdf,Pintuco,ficha_tecnica,recubrimientos_pinturas,0.4167,NO,,,SI,PINTUCO FICHA TEC. THINNER DISTRI QUIMICOS,5899562,MEG MASILLA POLIESTER P1500 AC 0.75KG,1321.0,INVENTARIO_SIN_CANON
PINTUCO FICHA TEC. VARSOL DISTRI QUIMICOS,FICHA TEC. VARSOL DISTRI QUIMICOS.pdf,Pintuco,ficha_tecnica,recubrimientos_pinturas,0.6667,NO,,,SI,PINTUCO FICHA TEC. VARSOL DISTRI QUIMICOS,5899562,MEG MASILLA POLIESTER P1500 AC 0.75KG,1321.0,INVENTARIO_SIN_CANON
PINTUCO FILL 12,PINTUCO FILL 12.pdf,Pintuco,ficha_tecnica,recubrimientos_pinturas,0.7500,SI,Pintuco Fill,pintuco fill,SI,pintuco fill,5890236,PQ PINTUCO FILL 7 WHITE 4.2 KG PE,36.0,OK_COMPLETO
PINTUCO FILL 7,PINTUCO FILL 7.pdf,Pintuco,ficha_tecnica,recubrimientos_pinturas,0.7500,SI,Pintuco Fill,pintuco fill,SI,pintuco fill,5890236,PQ PINTUCO FILL 7 WHITE 4.2 KG PE,36.0,OK_COMPLETO
PINTUCO FLASH PRIMER 2K,FLASH PRIMER 2K.pdf,Pintuco,ficha_tecnica,recubrimientos_pinturas,0.7500,NO,,,SI,PINTUCO FLASH PRIMER 2K,5864222,MEG FLASH CLEAR HS 9410 AC 0.94L,36.0,INVENTARIO_SIN_CANON
PINTUCO FLEX,PINTUCO FLEX.pdf,Pintuco,ficha_tecnica,recubrimientos_pinturas,0.7500,NO,,,SI,PINTUCO FLEX,5891988,PQ FLEX PROFESSIONAL BLANCO 3111 0.3L,18.0,INVENTARIO_SIN_CANON
PINTUCO FLEX PROFESIONAL,PINTUCO FLEX PROFESIONAL.pdf,Pintuco,ficha_tecnica,recubrimientos_pinturas,0.7500,NO,,,SI,PINTUCO FLEX PROFESIONAL,5891988,PQ FLEX PROFESSIONAL BLANCO 3111 0.3L,18.0,INVENTARIO_SIN_CANON
PINTUCO FTP INVECRYL 500 DOCX,FTP-INVECRYL-500-docx.pdf,Pintuco,ficha_tecnica,recubrimientos_pinturas,0.8333,NO,,,SI,PINTUCO FTP INVECRYL 500 DOCX,5899562,MEG MASILLA POLIESTER P1500 AC 0.75KG,1321.0,INVENTARIO_SIN_CANON
PINTUCO FT SELLADOR ACRILICO,FT- SELLADOR ACRILICO.pdf,Pintuco,ficha_tecnica,recubrimientos_pinturas,0.7500,NO,,,SI,PINTUCO FT SELLADOR ACRILICO,5854977,PQ COLORANTE BAJO VOC AZUL 0.95L,254.0,INVENTARIO_SIN_CANON
PINTUCO GRANIACRYL PREMIUM GRANIPLAST,GRANIACRYL PREMIUM GRANIPLAST.pdf,Pintuco,ficha_tecnica,recubrimientos_pinturas,0.7500,NO,,,SI,PINTUCO GRANIACRYL PREMIUM GRANIPLAST,5891170,PQ GRANIACRYL MAT BLANC 30601 15.14L 30K,165.0,INVENTARIO_SIN_CANON
PINTUCO IMPADOC LISTO,IMPADOC LISTO.pdf,Pintuco,ficha_tecnica,recubrimientos_pinturas,0.9167,NO,,,SI,PINTUCO IMPADOC LISTO,5899562,MEG MASILLA POLIESTER P1500 AC 0.75KG,1321.0,INVENTARIO_SIN_CANON
PINTUCO IMPRIMANTE ACRILICO TRAFICO,IMPRIMANTE ACRILICO TRAFICO.pdf,Pintuco,ficha_tecnica,recubrimientos_pinturas,0.8333,NO,,,SI,PINTUCO IMPRIMANTE ACRILICO TRAFICO,5891727,P7 PINTUTRAF IMPRIMAN NEGRO 13759 3.79L,2.0,INVENTARIO_SIN_CANON
PINTUCO IMPRIMANTE PARA TRAFICO ACRILICO NEGRO 10255632,IMPRIMANTE PARA TRAFICO ACRILICO NEGRO 10255632.pdf,Pintuco,ficha_tecnica,recubrimientos_pinturas,0.9167,NO,,,SI,PINTUCO IMPRIMANTE PARA TRAFICO ACRILICO NEGRO 10255632,5893595,INTERSEAL 670HS EGA105/3.7L/AA7,84.0,INVENTARIO_SIN_CANON
PINTUCO IMPRIMAX,IMPRIMAX.pdf,Pintuco,ficha_tecnica,recubrimientos_pinturas,1.0000,NO,,,SI,PINTUCO IMPRIMAX,5891097,PQ IMPRIMAX BLANCO 3501 18.93L,15.0,INVENTARIO_SIN_CANON
PINTUCO INTERCHAR 2090 ES,INTERCHAR 2090 [ES].pdf,Pintuco,ficha_tecnica,recubrimientos_pinturas,0.8333,SI,Interchar,interchar,SI,interchar,5250528,INTERCHAR 2060 HFA060/20L/EU,1.0,OK_COMPLETO
PINTUCO INTERCHARD 1260 BASE AGUA,INTERCHARD 1260 BASE AGUA.pdf,Pintuco,ficha_tecnica,recubrimientos_pinturas,0.9167,SI,Interchar,interchar,SI,interchar,5250528,INTERCHAR 2060 HFA060/20L/EU,1.0,OK_COMPLETO
PINTUCO INTERCHARD 2060,INTERCHARD 2060.pdf,Pintuco,ficha_tecnica,recubrimientos_pinturas,0.7500,SI,Interchar,interchar,SI,interchar,5250528,INTERCHAR 2060 HFA060/20L/EU,1.0,OK_COMPLETO
PINTUCO INTERGARD 2002,Intergard_2002.pdf,Pintuco,ficha_tecnica,recubrimientos_pinturas,0.7500,SI,Intergard 2002,intergard 2002,SI,intergard 2002,5897961,INTERGARD 740 ECA011/3.7L/AA7,100.0,OK_COMPLETO
PINTUCO INTERGARD 740,Intergard 740.pdf,Pintuco,ficha_tecnica,recubrimientos_pinturas,0.8333,SI,Intergard 740,intergard 740,SI,intergard 740,5897961,INTERGARD 740 ECA011/3.7L/AA7,100.0,OK_COMPLETO
PINTUCO INTERSEAL 670 HS,Interseal 670 HS.pdf,Pintuco,ficha_tecnica,recubrimientos_pinturas,0.9167,SI,Interseal,interseal,SI,interseal,5893595,INTERSEAL 670HS EGA105/3.7L/AA7,84.0,OK_COMPLETO
PINTUCO INTERTHANE 990,INTERTHANE 990.pdf,Pintuco,ficha_tecnica,recubrimientos_pinturas,0.8333,SI,Interthane 990 + Catalizador,interthane 990,SI,interthane 990,5898967,INTERTHANE 990 PHA046/0.5L/AA7,65.0,OK_COMPLETO
PINTUCO INTERVINIL,INTERVINIL.pdf,Pintuco,ficha_tecnica,recubrimientos_pinturas,0.8333,SI,Intervinil,intervinil,SI,intervinil,5891879,P7 INTERVINIL PRO 200 MAT BL 2596 18.93L,165.0,OK_COMPLETO
PINTUCO INTERVINIL PRO 200,INTERVINIL PRO 200.pdf,Pintuco,ficha_tecnica,recubrimientos_pinturas,0.8333,SI,Intervinil,intervinil,SI,intervinil,5891879,P7 INTERVINIL PRO 200 MAT BL 2596 18.93L,165.0,OK_COMPLETO
PINTUCO INTERVINIL PRO 400,INTERVINIL PRO 400.pdf,Pintuco,ficha_tecnica,recubrimientos_pinturas,0.7500,SI,Intervinil,intervinil,SI,intervinil,5891879,P7 INTERVINIL PRO 200 MAT BL 2596 18.93L,165.0,OK_COMPLETO
PINTUCO KORAZA 5,KORAZA 5.pdf,Pintuco,ficha_tecnica,recubrimientos_pinturas,0.7500,SI,Koraza,koraza,SI,koraza,5891888,P7 KOR PRO 550 MAT BA ACCEN 27477 18.93L,274.0,OK_COMPLETO
PINTUCO KORAZA 5 GARANTIA,KORAZA 5 GARANTIA.pdf,Pintuco,ficha_tecnica,recubrimientos_pinturas,0.7500,SI,Koraza,koraza,SI,koraza,5891888,P7 KOR PRO 550 MAT BA ACCEN 27477 18.93L,274.0,OK_COMPLETO
PINTUCO KORAZA DOBLE VIDA,KORAZA DOBLE VIDA.pdf,Pintuco,ficha_tecnica,recubrimientos_pinturas,0.8333,SI,Koraza Doble Vida,koraza doble vida,SI,koraza doble vida,5891203,PQ KOR DOBLE VIDA MAT DEEP 127876 18.93L,53.0,OK_COMPLETO
PINTUCO KORAZA ELASTOMERICA,KORAZA ELASTOMÉRICA.pdf,Pintuco,ficha_tecnica,recubrimientos_pinturas,0.7500,SI,Koraza,koraza,SI,koraza,5891888,P7 KOR PRO 550 MAT BA ACCEN 27477 18.93L,274.0,OK_COMPLETO
PINTUCO KORAZA IMPERMEABLE,KORAZA IMPERMEABLE.pdf,Pintuco,ficha_tecnica,recubrimientos_pinturas,0.7500,SI,Koraza,koraza,SI,koraza,5891888,P7 KOR PRO 550 MAT BA ACCEN 27477 18.93L,274.0,OK_COMPLETO
PINTUCO KORAZA PRO 750 ELASTOMERICA,KORAZA PRO 750 ELASTOMERICA.pdf,Pintuco,ficha_tecnica,recubrimientos_pinturas,0.6667,SI,Koraza,koraza,SI,koraza,5891888,P7 KOR PRO 550 MAT BA ACCEN 27477 18.93L,274.0,OK_COMPLETO
PINTUCO KORAZA PROTECCION 3 EN 1,KORAZA PROTECCION 3 EN 1.pdf,Pintuco,ficha_tecnica,recubrimientos_pinturas,0.7500,SI,Koraza,koraza,SI,koraza,5891888,P7 KOR PRO 550 MAT BA ACCEN 27477 18.93L,274.0,OK_COMPLETO
PINTUCO KORAZA PROTECCION SOL LLUVIA PINTURA IMPERMEABILIZANTE,FICHA TECNICA KORAZA® PROTECCIÓN SOL & LLUVIA PINTURA IMPERMEABILIZANTE.pdf,Pintuco,ficha_tecnica,recubrimientos_pinturas,0.7500,SI,Koraza,koraza,SI,koraza,5891888,P7 KOR PRO 550 MAT BA ACCEN 27477 18.93L,274.0,OK_COMPLETO
PINTUCO KORAZA SOL Y LLUVIA IMPERMEABILIZANTE,KORAZA SOL Y LLUVIA IMPERMEABILIZANTE.pdf,Pintuco,ficha_tecnica,recubrimientos_pinturas,0.7500,SI,Koraza,koraza,SI,koraza,5891888,P7 KOR PRO 550 MAT BA ACCEN 27477 18.93L,274.0,OK_COMPLETO
PINTUCO LACA MULTIUSOS AEROCOLOR GENERICA,LACA MULTIUSOS AEROCOLOR GENERICA.pdf,Pintuco,ficha_tecnica,recubrimientos_pinturas,0.7500,NO,,,SI,PINTUCO LACA MULTIUSOS AEROCOLOR GENERICA,5893684,PQ AEROCOLOR LACAS BR CARAMELO 0.3L,50.0,INVENTARIO_SIN_CANON
PINTUCO LACA NITRO MADETEC,LACA NITRO MADETEC.pdf,Pintuco,ficha_tecnica,recubrimientos_pinturas,0.9167,NO,,,SI,PINTUCO LACA NITRO MADETEC,5890364,MH SISTEMA NITRO INCOLORO 7204 0.95L,1.0,INVENTARIO_SIN_CANON
PINTUCO MADECTEC SELLADOR NITRO,MADECTEC SELLADOR NITRO.pdf,Pintuco,ficha_tecnica,recubrimientos_pinturas,0.8333,NO,,,SI,PINTUCO MADECTEC SELLADOR NITRO,5899562,MEG MASILLA POLIESTER P1500 AC 0.75KG,1321.0,INVENTARIO_SIN_CANON
PINTUCO MADETEC 2K BAJO OLOR,MADETEC 2K BAJO OLOR.pdf,Pintuco,ficha_tecnica,recubrimientos_pinturas,0.9167,NO,,,SI,PINTUCO MADETEC 2K BAJO OLOR,10389923,MADETEC BO 2K LACA BA MATE 28452 1G,0.0,INVENTARIO_SIN_CANON
PINTUCO MADETEC BASE AGUA,MADETEC BASE AGUA.pdf,Pintuco,ficha_tecnica,recubrimientos_pinturas,0.9167,NO,,,SI,PINTUCO MADETEC BASE AGUA,5890935,MH VITRIFLEX SM 2130 3.79L,3.0,INVENTARIO_SIN_CANON
PINTUCO MADETEC VITRIFLEX PARTE A,MADETEC VITRIFLEX PARTE A.pdf,Pintuco,ficha_tecnica,recubrimientos_pinturas,0.9167,NO,,,SI,PINTUCO MADETEC VITRIFLEX PARTE A,5890935,MH VITRIFLEX SM 2130 3.79L,3.0,INVENTARIO_SIN_CANON
PINTUCO MADETEC VITRIFLEX PARTE B,MADETEC VITRIFLEX PARTE B.pdf,Pintuco,ficha_tecnica,recubrimientos_pinturas,0.8333,NO,,,SI,PINTUCO MADETEC VITRIFLEX PARTE B,5890935,MH VITRIFLEX SM 2130 3.79L,3.0,INVENTARIO_SIN_CANON
PINTUCO MASILLA DURETAN 19167,MASILLA DURETAN 19167.pdf,Pintuco,ficha_tecnica,recubrimientos_pinturas,0.8333,NO,,,SI,PINTUCO MASILLA DURETAN 19167,5891005,MEG MASILLA POL BLANCA 19167 AC 1.1KG,33.0,INVENTARIO_SIN_CANON
PINTUCO MASILLA P2500,MASILLA P2500.pdf,Pintuco,ficha_tecnica,recubrimientos_pinturas,0.8333,NO,,,SI,PINTUCO MASILLA P2500,5864066,MEG MASILLA POLIESTER P2500 AC 1.1KG,261.0,INVENTARIO_SIN_CANON
PINTUCO MASILLA POLIESTER P1500,MASILLA POLIESTER P1500.pdf,Pintuco,ficha_tecnica,recubrimientos_pinturas,0.8333,NO,,,SI,PINTUCO MASILLA POLIESTER P1500,5899562,MEG MASILLA POLIESTER P1500 AC 0.75KG,1321.0,INVENTARIO_SIN_CANON
PINTUCO MICROESFERAS DE VIDRIO,MICROESFERAS DE VIDRIO.pdf,Pintuco,ficha_tecnica,recubrimientos_pinturas,0.8333,NO,,,SI,PINTUCO MICROESFERAS DE VIDRIO,5891425,P7 MICROESFERAS REFLEC 13716 3.79L 5K,0.0,INVENTARIO_SIN_CANON
PINTUCO MONTANA 94,FICHA TECNICA MONTANA 94.pdf,Pintuco,ficha_tecnica,recubrimientos_pinturas,0.8333,NO,,,SI,PINTUCO MONTANA 94,5894337,ZP MONTANA 94 MAT BLANCO EX0149010M 0.4L,150.0,INVENTARIO_SIN_CANON
PINTUCO MONTANA HARDCORE,MONTANA HARDCORE.pdf,Pintuco,ficha_tecnica,recubrimientos_pinturas,0.8333,NO,,,SI,PINTUCO MONTANA HARDCORE,5893509,ZP MONTANA HC BR ROJO BU EX014H3004 0.4L,27.0,INVENTARIO_SIN_CANON
PINTUCO MTN 94,hoja_de_seguridad_mtn_94.pdf,Pintuco,ficha_tecnica,recubrimientos_pinturas,0.7500,NO,,,SI,PINTUCO MTN 94,5894337,ZP MONTANA 94 MAT BLANCO EX0149010M 0.4L,150.0,INVENTARIO_SIN_CANON
PINTUCO PASTA PULIDORA 120025,PASTA PULIDORA 120025.pdf,Pintuco,ficha_tecnica,recubrimientos_pinturas,0.7500,NO,,,SI,PINTUCO PASTA PULIDORA 120025,5890978,MEG PASTA PULIDORA BLANC 120025 AC 3.78L,70.0,INVENTARIO_SIN_CANON
PINTUCO PASTA PULIDORA CREMA 4040,PASTA PULIDORA CREMA 4040.pdf,Pintuco,ficha_tecnica,recubrimientos_pinturas,0.6667,NO,,,SI,PINTUCO PASTA PULIDORA CREMA 4040,5863670,MEG PASTA PULIDORA CREMA 4040 AC 0.70L,185.0,INVENTARIO_SIN_CANON
PINTUCO PASTA PULIDORA RUBING COMPOUND ROJO 20017,PASTA PULIDORA RUBING COMPOUND ROJO 20017.pdf,Pintuco,ficha_tecnica,recubrimientos_pinturas,0.9167,NO,,,SI,PINTUCO PASTA PULIDORA RUBING COMPOUND ROJO 20017,5863670,MEG PASTA PULIDORA CREMA 4040 AC 0.70L,185.0,INVENTARIO_SIN_CANON
PINTUCO PERMEX BASE AGUA 13421,PERMEX BASE AGUA 13421.pdf,Pintuco,ficha_tecnica,recubrimientos_pinturas,0.8333,NO,,,SI,PINTUCO PERMEX BASE AGUA 13421,5899562,MEG MASILLA POLIESTER P1500 AC 0.75KG,1321.0,INVENTARIO_SIN_CANON
PINTUCO PINTOXIDO,PINTOXIDO.pdf,Pintuco,ficha_tecnica,recubrimientos_pinturas,0.9167,SI,Pintóxido,pintoxido,SI,pintoxido,5890999,PQ PINTULUX DESOXID PINTOXIDO 514 3.79L,2.0,OK_COMPLETO
PINTUCO PINTULACA,PINTULACA.pdf,Pintuco,ficha_tecnica,recubrimientos_pinturas,0.9167,NO,,,SI,PINTUCO PINTULACA,5890958,MEG PINTULACA NEGRO MATIZ 7589 AC 3.78L,21.0,INVENTARIO_SIN_CANON
PINTUCO PINTULAC NEGRO MATIZ 7589,PINTULAC NEGRO MATIZ 7589.pdf,Pintuco,ficha_tecnica,recubrimientos_pinturas,0.7500,NO,,,SI,PINTUCO PINTULAC NEGRO MATIZ 7589,5890958,MEG PINTULACA NEGRO MATIZ 7589 AC 3.78L,21.0,INVENTARIO_SIN_CANON
PINTUCO PINTULUX 3 EN 1 BRILLANTE,PINTULUX 3 EN 1 BRILLANTE.pdf,Pintuco,ficha_tecnica,recubrimientos_pinturas,0.9167,SI,Pintulux 3 en 1,pintulux 3 en 1,SI,pintulux 3 en 1,5891951,PQ PINTULUX 3EN1 BR NEGRO 95 3.79L,121.0,OK_COMPLETO
PINTUCO PINTULUX 3 EN 1 MATE,PINTULUX 3 EN 1 MATE.pdf,Pintuco,ficha_tecnica,recubrimientos_pinturas,0.9167,SI,Pintulux 3 en 1,pintulux 3 en 1,SI,pintulux 3 en 1,5891951,PQ PINTULUX 3EN1 BR NEGRO 95 3.79L,121.0,OK_COMPLETO
PINTUCO PINTULUX MAXIMA PROTECCION,PINTULUX MAXIMA PROTECCION.pdf,Pintuco,ficha_tecnica,recubrimientos_pinturas,0.9167,SI,Pintulux 3 en 1,pintulux 3 en 1,SI,pintulux 3 en 1,5891951,PQ PINTULUX 3EN1 BR NEGRO 95 3.79L,121.0,OK_COMPLETO
PINTUCO PINTULUX MAXIMA PROTECCION BRILLANTE 1,pintulux-maxima-proteccion-brillante-1.pdf,Pintuco,ficha_tecnica,recubrimientos_pinturas,0.7500,SI,Pintulux 3 en 1,pintulux 3 en 1,SI,pintulux 3 en 1,5891951,PQ PINTULUX 3EN1 BR NEGRO 95 3.79L,121.0,OK_COMPLETO
PINTUCO PINTULUX TRES EN UNO,PINTULUX TRES EN UNO.pdf,Pintuco,ficha_tecnica,recubrimientos_pinturas,0.9167,SI,Pintulux 3 en 1,pintulux 3 en 1,SI,pintulux 3 en 1,5891951,PQ PINTULUX 3EN1 BR NEGRO 95 3.79L,121.0,OK_COMPLETO
PINTUCO PINTURA ACRILICA ALTA ASEPSIA,PINTURA ACRILICA ALTA ASEPSIA.pdf,Pintuco,ficha_tecnica,recubrimientos_pinturas,0.8333,NO,,,SI,PINTUCO PINTURA ACRILICA ALTA ASEPSIA,5892965,P7 ASEPSIA BASE ACCENT 27589 3.79L,22.0,INVENTARIO_SIN_CANON
PINTUCO PINTURA ACRILICA PARA MANTENIMIENTO,PINTURA ACRILICA PARA MANTENIMIENTO.pdf,Pintuco,ficha_tecnica,recubrimientos_pinturas,0.9167,NO,,,SI,PINTUCO PINTURA ACRILICA PARA MANTENIMIENTO,5893215,ACRILICA MANT BRILL 11A33A/3.7L/AA7,32.0,INVENTARIO_SIN_CANON
PINTUCO PINTURA ANTIGRAFITTI,PINTURA ANTIGRAFITTI.pdf,Pintuco,ficha_tecnica,recubrimientos_pinturas,0.7500,NO,,,SI,PINTUCO PINTURA ANTIGRAFITTI,5891888,P7 KOR PRO 550 MAT BA ACCEN 27477 18.93L,274.0,INVENTARIO_SIN_CANON
PINTUCO PINTURA ENTUMESENTE,PINTURA ENTUMESENTE.pdf,Pintuco,ficha_tecnica,recubrimientos_pinturas,0.6667,NO,,,SI,PINTUCO PINTURA ENTUMESENTE,5891888,P7 KOR PRO 550 MAT BA ACCEN 27477 18.93L,274.0,INVENTARIO_SIN_CANON
PINTUCO PINTURA EPOXICA BASE SOLVENTE,PINTURA EPOXICA BASE SOLVENTE.pdf,Pintuco,ficha_tecnica,recubrimientos_pinturas,0.8333,NO,,,SI,PINTUCO PINTURA EPOXICA BASE SOLVENTE,5891270,P7  PINTUCOAT 13227 COMP B 0.37L,115.0,INVENTARIO_SIN_CANON
PINTUCO PINTURA EPOXICA PARA CONCRETO,PINTURA EPOXICA PARA CONCRETO.pdf,Pintuco,ficha_tecnica,recubrimientos_pinturas,0.6667,NO,,,SI,PINTUCO PINTURA EPOXICA PARA CONCRETO,5892038,P7 KIT EPOXICA B SOLVENT BLA 13580 3.79L,4.0,INVENTARIO_SIN_CANON
PINTUCO PINTURAMA,PINTURAMA.pdf,Pintuco,ficha_tecnica,recubrimientos_pinturas,0.8333,SI,Pinturama,pinturama,SI,pinturama,5890706,PQ PINTURAMA MAT BLANCO 117800 3.79L,23.0,OK_COMPLETO
PINTUCO PINTURA PARA CANCHAS,PINTURA PARA CANCHAS.pdf,Pintuco,ficha_tecnica,recubrimientos_pinturas,0.7500,SI,Pintura Canchas,pintura canchas,SI,pintura canchas,5891597,PQ CANCHAS MAT BASE ACCENT 1876 18.93L,57.0,OK_COMPLETO
PINTUCO PINTURA PARA TRAFICO ACRILICA TERTRAFICO 29205 BLANCA TERINSA,PINTURA PARA TRAFICO ACRÍLICA TERTRAFICO 29205 BLANCA(TERINSA).pdf,Pintuco,ficha_tecnica,recubrimientos_pinturas,0.9167,NO,,,SI,PINTUCO PINTURA PARA TRAFICO ACRILICA TERTRAFICO 29205 BLANCA TERINSA,5891597,PQ CANCHAS MAT BASE ACCENT 1876 18.93L,57.0,INVENTARIO_SIN_CANON
PINTUCO PINTUTRAFICO ACRILICA BASE AGUA,PINTUTRAFICO ACRILICA BASE AGUA.pdf,Pintuco,ficha_tecnica,recubrimientos_pinturas,0.9167,NO,,,SI,PINTUCO PINTUTRAFICO ACRILICA BASE AGUA,5891322,P7 PINTUTRAF BS AMARILLO 13755-659 3.79L,285.0,INVENTARIO_SIN_CANON
PINTUCO PINTUTRAFICO ACRILICO BASE SOLVENTE,PINTUTRÁFICO ACRILICO BASE SOLVENTE.pdf,Pintuco,ficha_tecnica,recubrimientos_pinturas,0.7500,NO,,,SI,PINTUCO PINTUTRAFICO ACRILICO BASE SOLVENTE,5891322,P7 PINTUTRAF BS AMARILLO 13755-659 3.79L,285.0,INVENTARIO_SIN_CANON
PINTUCO PINTUTRAFICO ACRILICO BASE SOLVENTE 13754 55 56,PINTUTRAFICO ACRILICO BASE SOLVENTE 13754 55 56.pdf,Pintuco,ficha_tecnica,recubrimientos_pinturas,0.7500,NO,,,SI,PINTUCO PINTUTRAFICO ACRILICO BASE SOLVENTE 13754 55 56,5863694,P7 PINTUTRAF BS BLANCO 13754-653 3.79L,27.0,INVENTARIO_SIN_CANON
PINTUCO PLASTICO EN FRIO,PLASTICO EN FRIO.pdf,Pintuco,ficha_tecnica,recubrimientos_pinturas,0.9167,NO,,,SI,PINTUCO PLASTICO EN FRIO,5863633,P7 PLASTICO EN FRIO CATA 13761 0.08K,18.0,INVENTARIO_SIN_CANON
PINTUCO PLASTICO EN FRIO EN LLANA,PLASTICO EN FRIO EN LLANA.pdf,Pintuco,ficha_tecnica,recubrimientos_pinturas,0.8333,NO,,,SI,PINTUCO PLASTICO EN FRIO EN LLANA,5863633,P7 PLASTICO EN FRIO CATA 13761 0.08K,18.0,INVENTARIO_SIN_CANON
PINTUCO PLASTICO EN FRIO RODILLO,PLASTICO EN FRIO RODILLO.pdf,Pintuco,ficha_tecnica,recubrimientos_pinturas,0.7500,NO,,,SI,PINTUCO PLASTICO EN FRIO RODILLO,5863633,P7 PLASTICO EN FRIO CATA 13761 0.08K,18.0,INVENTARIO_SIN_CANON
PINTUCO POLIASPARTICA RAPIDO SECADO,POLIASPARTICA RAPIDO SECADO.pdf,Pintuco,ficha_tecnica,recubrimientos_pinturas,0.8333,NO,,,SI,PINTUCO POLIASPARTICA RAPIDO SECADO,5899562,MEG MASILLA POLIESTER P1500 AC 0.75KG,1321.0,INVENTARIO_SIN_CANON
PINTUCO POLIURETANO MADERA P,POLIURETANO MADERA P.pdf,Pintuco,ficha_tecnica,recubrimientos_pinturas,0.8333,NO,,,SI,PINTUCO POLIURETANO MADERA P,5892179,MH AJUSTADOR PARA EQUIPOS 21125 208.2L,0.0,INVENTARIO_SIN_CANON
PINTUCO POLIURETANO MADERAS P,POLIURETANO MADERAS P.pdf,Pintuco,ficha_tecnica,recubrimientos_pinturas,0.8333,NO,,,SI,PINTUCO POLIURETANO MADERAS P,5892179,MH AJUSTADOR PARA EQUIPOS 21125 208.2L,0.0,INVENTARIO_SIN_CANON
PINTUCO POLIURETANO RAPIDO SECADO,POLIURETANO RÁPIDO SECADO.pdf,Pintuco,ficha_tecnica,recubrimientos_pinturas,0.8333,NO,,,SI,PINTUCO POLIURETANO RAPIDO SECADO,5864451,MEG CLEAR HS 2K RFU5500 AC 3.78L,69.0,INVENTARIO_SIN_CANON
PINTUCO POLIURETANO SERIE 600 BRILLANTE,POLIURETANO SERIE 600 BRILLANTE.pdf,Pintuco,ficha_tecnica,recubrimientos_pinturas,0.6667,NO,,,SI,PINTUCO POLIURETANO SERIE 600 BRILLANTE,5864451,MEG CLEAR HS 2K RFU5500 AC 3.78L,69.0,INVENTARIO_SIN_CANON
PINTUCO PPF CALCULO Y ESPECIFICACION INTUMESCENTE,PPF calculo y especificación - Intumescente.pdf,Pintuco,ficha_tecnica,recubrimientos_pinturas,0.7500,NO,,,SI,PINTUCO PPF CALCULO Y ESPECIFICACION INTUMESCENTE,5899562,MEG MASILLA POLIESTER P1500 AC 0.75KG,1321.0,INVENTARIO_SIN_CANON
PINTUCO PREGUNTAS FRECUENTES VINILTEX ULTRALAVABLE,PREGUNTAS FRECUENTES VINILTEX ULTRALAVABLE.pdf,Pintuco,guia_solucion,recubrimientos_pinturas,0.9167,SI,Viniltex Ultralavable,viniltex ultralavable,SI,viniltex ultralavable,5891101,PQ VINILTEX ADV MAT BLANCO 1501 18.93L,810.0,OK_COMPLETO
PINTUCO PRIMER 2K 5001,PRIMER 2K 5001.pdf,Pintuco,ficha_tecnica,recubrimientos_pinturas,0.8333,NO,,,SI,PINTUCO PRIMER 2K 5001,5893423,MEG PRIMER 2K MG6001 AC 3.78L,5.0,INVENTARIO_SIN_CANON
PINTUCO PRIMER ALQUIDICO 210003,PRIMER ALQUIDICO 210003.pdf,Pintuco,ficha_tecnica,recubrimientos_pinturas,0.8333,NO,,,SI,PINTUCO PRIMER ALQUIDICO 210003,5891082,ALKYD PRIMER 210003 UDA154/20L/AA7,0.0,INVENTARIO_SIN_CANON
PINTUCO PRIMER EPOXI 70RS,PRIMER EPOXI 70RS.pdf,Pintuco,ficha_tecnica,recubrimientos_pinturas,0.8333,NO,,,SI,PINTUCO PRIMER EPOXI 70RS,5890548,EPOXY PRIMER 10050 UEA301/3.7L/AA7,30.0,INVENTARIO_SIN_CANON
PINTUCO PRIMER EPOXICO 10046,PRIMER EPOXICO 10046.pdf,Pintuco,ficha_tecnica,recubrimientos_pinturas,0.9167,NO,,,SI,PINTUCO PRIMER EPOXICO 10046,5890547,EPOXY PRIMER 10046 UEA250/3.7L/AA7,4.0,INVENTARIO_SIN_CANON
PINTUCO PRIMER EPOXICO DE RAPIDO SECADO GRIS,PRIMER EPOXICO DE RAPIDO SECADO GRIS.pdf,Pintuco,ficha_tecnica,recubrimientos_pinturas,0.8333,NO,,,SI,PINTUCO PRIMER EPOXICO DE RAPIDO SECADO GRIS,5890547,EPOXY PRIMER 10046 UEA250/3.7L/AA7,4.0,INVENTARIO_SIN_CANON
PINTUCO PRIMER EPOXI RAPIDO SECADO 50RS,PRIMER EPOXI RAPIDO SECADO 50RS.pdf,Pintuco,ficha_tecnica,recubrimientos_pinturas,0.9167,NO,,,SI,PINTUCO PRIMER EPOXI RAPIDO SECADO 50RS,5891422,EPOXY PRIMER 50RS UEA402/3.7L/AA7,21.0,INVENTARIO_SIN_CANON
PINTUCO PRIMER EPOXI ZINC,primer-epoxi-zinc.pdf,Pintuco,ficha_tecnica,recubrimientos_pinturas,0.7500,NO,,,SI,PINTUCO PRIMER EPOXI ZINC,5891345,INTERZINC 52 EPA175/20L/AA7,3.0,INVENTARIO_SIN_CANON
PINTUCO PRIMER PARA PLASTICOS,PRIMER PARA PLASTICOS.pdf,Pintuco,ficha_tecnica,recubrimientos_pinturas,0.8333,NO,,,SI,PINTUCO PRIMER PARA PLASTICOS,5891273,MEG PRIMER PARA PLASTICOS 28600 AC 0.94L,18.0,INVENTARIO_SIN_CANON
PINTUCO PRIMER PARA PLASTICOS 28600,PRIMER PARA PLASTICOS 28600.pdf,Pintuco,ficha_tecnica,recubrimientos_pinturas,0.5833,NO,,,SI,PINTUCO PRIMER PARA PLASTICOS 28600,5891273,MEG PRIMER PARA PLASTICOS 28600 AC 0.94L,18.0,INVENTARIO_SIN_CANON
PINTUCO PROTECCION GRAFFITI,PROTECCIÓN GRAFFITI.pdf,Pintuco,ficha_tecnica,recubrimientos_pinturas,0.7500,NO,,,SI,PINTUCO PROTECCION GRAFFITI,5891597,PQ CANCHAS MAT BASE ACCENT 1876 18.93L,57.0,INVENTARIO_SIN_CANON
PINTUCO PUFIX BLANCO,PUFIX BLANCO.pdf,Pintuco,ficha_tecnica,recubrimientos_pinturas,0.8333,NO,,,SI,PINTUCO PUFIX BLANCO,5899562,MEG MASILLA POLIESTER P1500 AC 0.75KG,1321.0,INVENTARIO_SIN_CANON
PINTUCO PU MATE SERIE 600 ACT,PU Mate Serie 600 Act.pdf,Pintuco,ficha_tecnica,recubrimientos_pinturas,0.7500,NO,,,SI,PINTUCO PU MATE SERIE 600 ACT,5892858,MEG PU PASTA MATEANTE 6513 AC 3.78L,1.0,INVENTARIO_SIN_CANON
PINTUCO QUARZ G300N,QUARZ G300N.pdf,Pintuco,ficha_tecnica,recubrimientos_pinturas,0.2500,NO,,,SI,PINTUCO QUARZ G300N,5891610,ARENA QUARZO G300N UFA850/25KG/AA7,29.0,INVENTARIO_SIN_CANON
PINTUCO REMOVEDOR 1020,REMOVEDOR 1020.pdf,Pintuco,ficha_tecnica,recubrimientos_pinturas,0.7500,NO,,,SI,PINTUCO REMOVEDOR 1020,5891283,MEG REMOVEDOR DE PINTURAS 1020 AC 0.94L,16.0,INVENTARIO_SIN_CANON
PINTUCO REVOMASTIC,REVOMASTIC.pdf,Pintuco,ficha_tecnica,recubrimientos_pinturas,0.7500,NO,,,SI,PINTUCO REVOMASTIC,5891683,P7 REVOQUE PLAST BLANCO 17091 18.93L,28.0,INVENTARIO_SIN_CANON
PINTUCO SEALER F100,SEALER-F100.pdf,Pintuco,ficha_tecnica,recubrimientos_pinturas,0.8333,NO,,,SI,PINTUCO SEALER F100,5893615,SEALER F100 UFA550/20L/AA7,5.19999999999999996,INVENTARIO_SIN_CANON
PINTUCO SELLADOR ACRILICO,PINTUCO SELLADOR ACRILICO.PDF,Pintuco,ficha_tecnica,recubrimientos_pinturas,0.8333,NO,,,SI,PINTUCO SELLADOR ACRILICO,5891990,PQ SELLADOR ACRILICO BLANCO 3118 0.3L,72.0,INVENTARIO_SIN_CANON
PINTUCO SELLADOR DE CORROSION,SELLADOR DE CORROSIÓN.pdf,Pintuco,ficha_tecnica,recubrimientos_pinturas,0.9167,NO,,,SI,PINTUCO SELLADOR DE CORROSION,5891097,PQ IMPRIMAX BLANCO 3501 18.93L,15.0,INVENTARIO_SIN_CANON
PINTUCO SELLOMAX,SELLOMAX.pdf,Pintuco,ficha_tecnica,recubrimientos_pinturas,1.0000,SI,Sellomax,sellomax,SI,sellomax,5890868,PQ SELLOMAX BLANCO 10272 3.79L,12.0,OK_COMPLETO
PINTUCO SELLOMAX ULTRA,SELLOMAX ULTRA.pdf,Pintuco,ficha_tecnica,recubrimientos_pinturas,0.9167,SI,Sellomax,sellomax,SI,sellomax,5890868,PQ SELLOMAX BLANCO 10272 3.79L,12.0,OK_COMPLETO
PINTUCO SILICONA NEUTRA,SILICONA NEUTRA.pdf,Pintuco,ficha_tecnica,recubrimientos_pinturas,0.8333,NO,,,SI,PINTUCO SILICONA NEUTRA,5891991,PQ SILICONA NEUTRA TRANSPAR 3110 0.3L,1.0,INVENTARIO_SIN_CANON
PINTUCO SILICONA ULTRA 3 EN 1,PINTUCO SILICONA ULTRA 3 EN 1.pdf,Pintuco,ficha_tecnica,recubrimientos_pinturas,0.7500,NO,,,SI,PINTUCO SILICONA ULTRA 3 EN 1,5891987,PQ SILICONA ULTRA BLANCO 3109 0.3L,3.0,INVENTARIO_SIN_CANON
PINTUCO SILICONITE 7 3103,SILICONITE 7 3103.pdf,Pintuco,ficha_tecnica,recubrimientos_pinturas,0.5833,SI,Siliconite 7,siliconite 7,SI,siliconite 7,5892020,PQ SILICONITE 7 TRANSPARENTE 3103 3.79L,58.0,OK_COMPLETO
PINTUCO SILICONITE 7W,SILICONITE 7W.pdf,Pintuco,ficha_tecnica,recubrimientos_pinturas,0.6667,SI,Siliconite 7,siliconite 7,SI,siliconite 7,5892020,PQ SILICONITE 7 TRANSPARENTE 3103 3.79L,58.0,OK_COMPLETO
PINTUCO SUPER GRIP,SUPER GRIP.pdf,Pintuco,ficha_tecnica,recubrimientos_pinturas,0.7500,NO,,,SI,PINTUCO SUPER GRIP,5891320,P7 SUPER GRIP ANTIDESLIZANT 13779 3.79L,2.0,INVENTARIO_SIN_CANON
PINTUCO SUPER GRIP ANTIDESLIZANTE,SUPER GRIP ANTIDESLIZANTE.pdf,Pintuco,ficha_tecnica,recubrimientos_pinturas,0.7500,NO,,,SI,PINTUCO SUPER GRIP ANTIDESLIZANTE,5891320,P7 SUPER GRIP ANTIDESLIZANT 13779 3.79L,2.0,INVENTARIO_SIN_CANON
PINTUCO TELA DE REFUERZO,TELA DE REFUERZO.pdf,Pintuco,ficha_tecnica,recubrimientos_pinturas,0.8333,NO,,,SI,PINTUCO TELA DE REFUERZO,6446980,PQ TELA DE REFUERZO 2800 10 METRO,71.0,INVENTARIO_SIN_CANON
PINTUCO TEXACRYL ACROLATEX,TEXACRYL-ACROLATEX.pdf,Pintuco,ficha_tecnica,recubrimientos_pinturas,0.8333,NO,,,SI,PINTUCO TEXACRYL ACROLATEX,5891212,PQ TEXACRYL 50 3508 3508 18.93L 20K,13.0,INVENTARIO_SIN_CANON
PINTUCO THINNER CORRIENTE 21219,THINNER CORRIENTE 21219.pdf,Pintuco,ficha_tecnica,recubrimientos_pinturas,0.7500,NO,,,SI,PINTUCO THINNER CORRIENTE 21219,51000004,THINNER CORRIENTE BT,772.0,INVENTARIO_SIN_CANON
PINTUCO THINNER ESTRADA INDUSOL,FICHA TECNICA THINNER ESTRADA INDUSOL.pdf,Pintuco,ficha_tecnica,recubrimientos_pinturas,0.5833,NO,,,SI,PINTUCO THINNER ESTRADA INDUSOL,51000004,THINNER CORRIENTE BT,772.0,INVENTARIO_SIN_CANON
PINTUCO THINNER INDUSOL,THINNER INDUSOL.pdf,Pintuco,ficha_tecnica,recubrimientos_pinturas,0.5833,NO,,,SI,PINTUCO THINNER INDUSOL,51000004,THINNER CORRIENTE BT,772.0,INVENTARIO_SIN_CANON
PINTUCO THINNER LIMPIADOR 21241,THINNER LIMPIADOR 21241.pdf,Pintuco,ficha_tecnica,recubrimientos_pinturas,0.8333,NO,,,SI,PINTUCO THINNER LIMPIADOR 21241,51000004,THINNER CORRIENTE BT,772.0,INVENTARIO_SIN_CANON
PINTUCO THINNER P 502,THINNER P-502.pdf,Pintuco,ficha_tecnica,recubrimientos_pinturas,0.5833,NO,,,SI,PINTUCO THINNER P 502,5864389,MEG THINNER UNIVER PS/PU P502 AC 3.78L,16.5,INVENTARIO_SIN_CANON
PINTUCO THINNER POLIURETANO 21050,THINNER POLIURETANO 21050.pdf,Pintuco,ficha_tecnica,recubrimientos_pinturas,0.5000,NO,,,SI,PINTUCO THINNER POLIURETANO 21050,5890328,MPY THINNER 21050 UFA151/3.7L/AA7,10.3999999999999888,INVENTARIO_SIN_CANON
PINTUCO TINTE PARA MADERA,TINTE PARA MADERA.pdf,Pintuco,ficha_tecnica,recubrimientos_pinturas,0.9167,NO,,,SI,PINTUCO TINTE PARA MADERA,5891259,MH TINTES PARA MADERA CAOBA 7437 0.95L,17.0,INVENTARIO_SIN_CANON
PINTUCO TOP QUALITY PLUS,TOP QUALITY PLUS.pdf,Pintuco,ficha_tecnica,recubrimientos_pinturas,0.9167,SI,Esmaltes Top Quality,top quality,SI,top quality,10358889,TOP QUALITY PLUS BLANCO SEMI BTE 1G,2.0,OK_COMPLETO
PINTUCO VARETA,VARETA.pdf,Pintuco,ficha_tecnica,recubrimientos_pinturas,0.9167,NO,,,SI,PINTUCO VARETA,5891659,MH VARETA MAT NEGRO 10005-5001 3.79L,26.0,INVENTARIO_SIN_CANON
PINTUCO VINILICO TIPO 1,VINILICO TIPO 1.pdf,Pintuco,ficha_tecnica,recubrimientos_pinturas,0.8333,NO,,,SI,PINTUCO VINILICO TIPO 1,5891162,IQ VINILICO MAT BLANCO 2027155 18.93L,558.0,INVENTARIO_SIN_CANON
PINTUCO VINIL LATEX TERINSA,VINIL LATEX TERINSA.pdf,Pintuco,ficha_tecnica,recubrimientos_pinturas,0.8333,NO,,,SI,PINTUCO VINIL LATEX TERINSA,5890811,TE VINIL LATEX MAT BLANCO 65232 3.79L,238.0,INVENTARIO_SIN_CANON
PINTUCO VINIL MAX TERINSA,VINIL MAX TERINSA.pdf,Pintuco,ficha_tecnica,recubrimientos_pinturas,0.8333,NO,,,SI,PINTUCO VINIL MAX TERINSA,5890779,TE VINIL MAX MAT BLANCO 35232 3.79L,99.0,INVENTARIO_SIN_CANON
PINTUCO VINILO TIPO 1 CONSTRUCTOR,VINILO TIPO 1 CONSTRUCTOR.pdf,Pintuco,ficha_tecnica,recubrimientos_pinturas,0.8333,NO,,,SI,PINTUCO VINILO TIPO 1 CONSTRUCTOR,5892115,VINILO STANDAR T1 MAT WHITE 1699 18.93L,163.0,INVENTARIO_SIN_CANON
PINTUCO VINIL PLUS TERINSA,VINIL PLUS TERINSA.pdf,Pintuco,ficha_tecnica,recubrimientos_pinturas,0.8333,NO,,,SI,PINTUCO VINIL PLUS TERINSA,5890854,TE VINIL PLUS MAT BASE ACCEN 95203 3.79L,146.0,INVENTARIO_SIN_CANON
PINTUCO VINILTEX ADVANCE,VINILTEX ADVANCE.pdf,Pintuco,ficha_tecnica,recubrimientos_pinturas,0.8333,SI,Viniltex Advanced,viniltex advanced,SI,viniltex advanced,5891101,PQ VINILTEX ADV MAT BLANCO 1501 18.93L,810.0,OK_COMPLETO
PINTUCO VINILTEX BANOS Y COCINAS,VINILTEX BAÑOS Y COCINAS.pdf,Pintuco,ficha_tecnica,recubrimientos_pinturas,0.6667,SI,Viniltex Baños y Cocinas,viniltex byc blanco 2001,SI,viniltex byc blanco 2001,5890434,PQ VINILTEX BYC SA BLANCO 2001 0.95L,65.0,OK_COMPLETO
PINTUCO VINILTEX BIO CUIDADO,VINILTEX BIO CUIDADO.pdf,Pintuco,ficha_tecnica,recubrimientos_pinturas,0.7500,NO,,,SI,PINTUCO VINILTEX BIO CUIDADO,5893311,PQ VTEX BIOCUIDADO MAT BLANCO 1901 0.95L,18.0,INVENTARIO_SIN_CANON
PINTUCO VINILTEX PRO 450,VINILTEX PRO 450.pdf,Pintuco,ficha_tecnica,recubrimientos_pinturas,0.8333,NO,,,SI,PINTUCO VINILTEX PRO 450,5891877,P7 VINILTEX PRO 450 MAT BLAN 1601 18.93L,50.0,INVENTARIO_SIN_CANON
PINTUCO VINILTEX PRO 650,VINILTEX PRO 650 (2).pdf,Pintuco,ficha_tecnica,recubrimientos_pinturas,0.9167,NO,,,SI,PINTUCO VINILTEX PRO 650,5891876,P7 VINILTEX PRO 650 MAT BLAN 1600 18.93L,17.0,INVENTARIO_SIN_CANON
PINTUCO VINILTEX ULTRALAVABLE,VINILTEX ULTRALAVABLE.pdf,Pintuco,ficha_tecnica,recubrimientos_pinturas,0.7500,SI,Viniltex Ultralavable,viniltex ultralavable,SI,viniltex ultralavable,5891101,PQ VINILTEX ADV MAT BLANCO 1501 18.93L,810.0,OK_COMPLETO
PINTUCO VINILTEX ULTRALAVABLE 2024,FICHA TECNICA VINILTEX ULTRALAVABLE 2024 - copia.pdf,Pintuco,ficha_tecnica,recubrimientos_pinturas,0.7500,SI,Viniltex Ultralavable,viniltex ultralavable,SI,viniltex ultralavable,5891101,PQ VINILTEX ADV MAT BLANCO 1501 18.93L,810.0,OK_COMPLETO
PINTUCO VINILTEX VIDA,VINILTEX VIDA.pdf,Pintuco,ficha_tecnica,recubrimientos_pinturas,0.7500,NO,,,SI,PINTUCO VINILTEX VIDA,5891101,PQ VINILTEX ADV MAT BLANCO 1501 18.93L,810.0,INVENTARIO_SIN_CANON
PINTUCO VINILUX 2 EN 1,VINILUX 2 EN 1.pdf,Pintuco,ficha_tecnica,recubrimientos_pinturas,0.8333,NO,,,SI,PINTUCO VINILUX 2 EN 1,5891158,IQ VINILUX MAT BLANCO 2022155 18.93L,189.0,INVENTARIO_SIN_CANON
PINTUCO VITRIFLEX BASE AGUA,VITRIFLEX BASE AGUA.pdf,Pintuco,ficha_tecnica,recubrimientos_pinturas,0.8333,NO,,,SI,PINTUCO VITRIFLEX BASE AGUA,5890935,MH VITRIFLEX SM 2130 3.79L,3.0,INVENTARIO_SIN_CANON
PINTUCO WASH PRIMER,WASH PRIMER.pdf,Pintuco,ficha_tecnica,recubrimientos_pinturas,0.9167,SI,Wash Primer,wash primer,SI,wash primer,5890476,PQ PINTULUX WASH PRIMER 509A PT A 1/4 GL,46.0,OK_COMPLETO
PINTUCO WASH PRIMER 509A B,WASH PRIMER 509A-B.pdf,Pintuco,ficha_tecnica,recubrimientos_pinturas,0.9167,SI,Wash Primer,wash primer,SI,wash primer,5890476,PQ PINTULUX WASH PRIMER 509A PT A 1/4 GL,46.0,OK_COMPLETO
PINTUCO WASH PRIMER BASE AGUA,WASH PRIMER BASE AGUA.pdf,Pintuco,ficha_tecnica,recubrimientos_pinturas,0.9167,SI,Wash Primer,wash primer,SI,wash primer,5890476,PQ PINTULUX WASH PRIMER 509A PT A 1/4 GL,46.0,OK_COMPLETO
PINTUCO WOOD STAIN IMPREGNANTE PARA MADERAS,WOOD STAIN IMPREGNANTE PARA MADERAS.pdf,Pintuco,ficha_tecnica,recubrimientos_pinturas,0.9167,SI,Wood Stain,wood stain,SI,wood stain,5892171,MH WOOD STAIN MAT INCOLORO 28131,17.0,OK_COMPLETO
PINTUCO WOOD STAIN PROTECTOR PARA MADERA EN EXTERIORES,WOOD STAIN PROTECTOR PARA MADERA EN EXTERIORES (1).pdf,Pintuco,ficha_tecnica,recubrimientos_pinturas,0.9167,SI,Wood Stain,wood stain,SI,wood stain,5892171,MH WOOD STAIN MAT INCOLORO 28131,17.0,OK_COMPLETO
PINTUNOV 1280 UFA250 UFA251 UFA252 ES,PINTUNOV 1280 UFA250-UFA251-UFA252 [ES].pdf,,ficha_tecnica,herramientas_accesorios,0.7500,NO,,,SI,PINTUNOV 1280 UFA250 UFA251 UFA252 ES,5891448,PINTUNOV 1280 UFA250/20L/AA7,0.0,INVENTARIO_SIN_CANON
PINTUNOV 13285 13286,PINTUNOV 13285 13286.pdf,,ficha_tecnica,recubrimientos_pinturas,0.6667,NO,,,SI,PINTUNOV 13285 13286,5891449,PINTUNOV 1280 UFA251/3.7L/AA7,0.0,INVENTARIO_SIN_CANON
PINTUNOV 51125 UFA350 UFA351 ES,PINTUNOV 51125 UFA350-UFA351 [ES].pdf,,ficha_tecnica,herramientas_accesorios,0.7500,NO,,,SI,PINTUNOV 51125 UFA350 UFA351 ES,5891449,PINTUNOV 1280 UFA251/3.7L/AA7,0.0,INVENTARIO_SIN_CANON
PLYMOUTH,Ficha Tecnica Plymouth.pdf,,ficha_tecnica,herrajes_seguridad,0.7500,NO,,,NO,PLYMOUTH,,,0,SIN_MAPEO
POMO MADERA HC,Ficha Tecnica Pomo Madera HC.pdf,,ficha_tecnica,herrajes_seguridad,0.7500,NO,,,SI,POMO MADERA HC,F51060289,POMO DENVER PHILLIPS CROM BAÑO SKU6748,31.0,INVENTARIO_SIN_CANON
PRESTIGE,Ficha Tecnica Prestige.pdf,,ficha_tecnica,herrajes_seguridad,0.7500,NO,,,NO,PRESTIGE,,,0,SIN_MAPEO
PRIMER EPOXY 10046,PRIMER EPOXY 10046.pdf,,ficha_tecnica,recubrimientos_pinturas,0.9167,NO,,,SI,PRIMER EPOXY 10046,5893359,EPOXY PRIMER 13229 UEA251/1L/AA7,6.0,INVENTARIO_SIN_CANON
PUERTAS CORTAFUEGO STEELCRAFT,Puertas Cortafuego STEELCRAFT ®.pdf,,ficha_tecnica,herrajes_seguridad,0.5833,NO,,,SI,PUERTAS CORTAFUEGO STEELCRAFT,F51060640,CIERRA PUERTAS PLATA 3005 SKU7019,8.0,INVENTARIO_SIN_CANON
REMOVEDOR PINTUCO 1020,REMOVEDOR PINTUCO 1020.pdf,Pintuco,ficha_tecnica,recubrimientos_pinturas,0.9167,NO,,,SI,REMOVEDOR PINTUCO 1020,5891283,MEG REMOVEDOR DE PINTURAS 1020 AC 0.94L,16.0,INVENTARIO_SIN_CANON
ROLLO LIJA R243 NORTON,FICHA TÉCNICA ROLLO LIJA R243 NORTON.pdf,,ficha_tecnica,herramientas_accesorios,0.7500,NO,,,SI,ROLLO LIJA R243 NORTON,6454839,ROLLO STICKER IMPRESORA DYMO X 350 UNDS,0.0,INVENTARIO_SIN_CANON
SATURNO,Ficha Tecnica Saturno.pdf,,ficha_tecnica,herrajes_seguridad,0.6667,NO,,,SI,SATURNO,F51060613,SATURNO SATIN NIQUEL A40S BAÑO,9.0,INVENTARIO_SIN_CANON
SC61,SC61 (1).pdf,,ficha_tecnica,portafolio_general,0.5000,NO,,,NO,SC61,,,0,SIN_MAPEO
SEALER F100 UFA550 UFA551 ES,SEALER F100 UFA550 - UFA551 [ES].pdf,,ficha_tecnica,herramientas_accesorios,0.7500,NO,,,SI,SEALER F100 UFA550 UFA551 ES,5893615,SEALER F100 UFA550/20L/AA7,5.19999999999999996,INVENTARIO_SIN_CANON
STEELCRAFT F SERIES FLUSH FRAMES,Steelcraft-F Series flush frames (1).pdf,,ficha_tecnica,recubrimientos_pinturas,0.4167,NO,,,NO,STEELCRAFT F SERIES FLUSH FRAMES,,,0,SIN_MAPEO
STEELCRAFT SWEETS,Steelcraft_Sweets.pdf,,ficha_tecnica,recubrimientos_pinturas,0.7500,NO,,,NO,STEELCRAFT SWEETS,,,0,SIN_MAPEO
SUPRA INAFER,Ficha Técnica Supra INAFER.pdf,,ficha_tecnica,herrajes_seguridad,0.5833,NO,,,SI,SUPRA INAFER,F6014122,CERRADURA SUPRA IZQUIERDA,21.0,INVENTARIO_SIN_CANON
THINNER CENTRAL DE DISOLVENTES,FICHA TECNICA THINNER CENTRAL DE DISOLVENTES.pdf,,ficha_tecnica,auxiliares_aplicacion,0.7500,NO,,,SI,THINNER CENTRAL DE DISOLVENTES,51000004,THINNER CORRIENTE BT,772.0,INVENTARIO_SIN_CANON
THINNER CORRIENTE 21219,THINNER CORRIENTE 21219.pdf,,ficha_tecnica,auxiliares_aplicacion,0.4167,NO,,,SI,THINNER CORRIENTE 21219,51000004,THINNER CORRIENTE BT,772.0,INVENTARIO_SIN_CANON
THINNER PARA ACRILICAS 21018,THINNER PARA ACRILICAS 21018.pdf,,ficha_tecnica,auxiliares_aplicacion,0.6667,NO,,,SI,THINNER PARA ACRILICAS 21018,5890328,MPY THINNER 21050 UFA151/3.7L/AA7,10.3999999999999888,INVENTARIO_SIN_CANON
THINNER PARA POLIURETANO 21050,THINNER PARA POLIURETANO 21050.pdf,,ficha_tecnica,auxiliares_aplicacion,0.6667,NO,,,SI,THINNER PARA POLIURETANO 21050,5890328,MPY THINNER 21050 UFA151/3.7L/AA7,10.3999999999999888,INVENTARIO_SIN_CANON
TOPES DE PISO,Ficha Tecnica Topes de Piso.pdf,,ficha_tecnica,herrajes_seguridad,0.2500,NO,,,NO,TOPES DE PISO,,,0,SIN_MAPEO
TOPES DE RESORTE,Ficha Técnica Topes de Resorte.pdf,,ficha_tecnica,herrajes_seguridad,0.5833,NO,,,NO,TOPES DE RESORTE,,,0,SIN_MAPEO
TOPES FIJAPUERTA,Ficha Técnica Topes Fijapuerta.pdf,,ficha_tecnica,herrajes_seguridad,0.4167,NO,,,NO,TOPES FIJAPUERTA,,,0,SIN_MAPEO
TOPES MAGNETICOS,Ficha Técnica Topes Magnéticos.pdf,,ficha_tecnica,herrajes_seguridad,0.2500,NO,,,NO,TOPES MAGNETICOS,,,0,SIN_MAPEO
ZINC PRIMER 10844 UDA850 10845 UDA851 ES,ZINC PRIMER 10844 UDA850-10845 UDA851 [ES].pdf,,ficha_tecnica,recubrimientos_pinturas,0.8333,NO,,,SI,ZINC PRIMER 10844 UDA850 10845 UDA851 ES,5891345,INTERZINC 52 EPA175/20L/AA7,3.0,INVENTARIO_SIN_CANON
