tipo_documento,archivo_actual,nombre_recomendado,accion,nota,lookup_inventario_sugerido,ejemplo_erp_encontrado,ref_erp_ejemplo,familia_canonica,marca,estado_validacion,match_source,match_score,match_query_usada,nombre_recomendado_auto,accion_auto,estado_validacion_auto,nota_auto
ficha_tecnica,AJUSTADOR XILOL 21204.pdf,AJUSTADOR XILOL.pdf,renombrar,"Cruce automático desde inventario (db:vw_inventario_agente, score 90.0) -> AJUSTADOR XILOL",ajustador xilol 21204,AJUSTADOR XILOL 21204 GTA007/20L/AA7,5891066,AJUSTADOR XILOL 21204,,validado_automatico,db:vw_inventario_agente,90.0,AJUSTADOR XILOL 21204,AJUSTADOR XILOL.pdf,renombrar,validado_automatico,"Cruce automático desde inventario (db:vw_inventario_agente, score 90.0) -> AJUSTADOR XILOL"
ficha_tecnica,VINILTEX PRO 450.pdf,VINILTEX PRO 450 MATE.pdf,renombrar,"Cruce automático desde inventario (db:vw_inventario_agente, score 90.0) -> VINILTEX PRO 450 MATE",viniltex pro 450,P7 VINILTEX PRO 450 MAT BLAN 1601 18.93L,5891877,VINILTEX PRO 450,PINTUCO,validado_automatico,db:vw_inventario_agente,90.0,VINILTEX PRO 450,VINILTEX PRO 450 MATE.pdf,renombrar,validado_automatico,"Cruce automático desde inventario (db:vw_inventario_agente, score 90.0) -> VINILTEX PRO 450 MATE"
ficha_tecnica,ESTUCO PROFESIONAL OBRA.pdf,ESTUCO PROFESIONAL OBRAS.pdf,renombrar,"Cruce automático desde inventario (db:vw_inventario_agente, score 90.0) -> ESTUCO PROFESIONAL OBRAS",estuco profesional obra,ESTUCO PROFESIONAL OBRAS BLANCO 300 KG,10249635,ESTUCO PROFESIONAL OBRA,,validado_automatico,db:vw_inventario_agente,90.0,ESTUCO PROFESIONAL OBRA,ESTUCO PROFESIONAL OBRAS.pdf,renombrar,validado_automatico,"Cruce automático desde inventario (db:vw_inventario_agente, score 90.0) -> ESTUCO PROFESIONAL OBRAS"
ficha_tecnica,CORROTEC EPOXI ZINC 2K 10073.pdf,EPOXY ZINC PRIMER 10073I.pdf,renombrar,"Cruce automático desde inventario (db:vw_inventario_agente, score 90.0) -> EPOXY ZINC PRIMER 10073I",corrotec epoxi zinc 2k 10073,EPOXY ZINC PRIMER 10073I UEA604/3.7L/AA7,5893358,EPOXY ZINC PRIMER 10073,INTERNATIONAL,validado_automatico,db:vw_inventario_agente,90.0,EPOXY ZINC PRIMER 10073,EPOXY ZINC PRIMER 10073I.pdf,renombrar,validado_automatico,"Cruce automático desde inventario (db:vw_inventario_agente, score 90.0) -> EPOXY ZINC PRIMER 10073I"
ficha_tecnica,EPOXIPOLIAMIDA.pdf,EPOXIPOLIAMIDA REENVASE.pdf,renombrar,"Cruce automático desde inventario (db:vw_inventario_agente, score 90.0) -> EPOXIPOLIAMIDA REENVASE",epoxipoliamida,EPOXIPOLIAMIDA REENVASE,56254719,EPOXIPOLIAMIDA,,validado_automatico,db:vw_inventario_agente,90.0,EPOXIPOLIAMIDA,EPOXIPOLIAMIDA REENVASE.pdf,renombrar,validado_automatico,"Cruce automático desde inventario (db:vw_inventario_agente, score 90.0) -> EPOXIPOLIAMIDA REENVASE"
ficha_tecnica,DESMOLDANTE GLASST PRIME.pdf,DESMOLDANTE GLASST PRIME CANECA.pdf,renombrar,"Cruce automático desde inventario (db:vw_inventario_agente, score 90.0) -> DESMOLDANTE GLASST PRIME CANECA",desmoldante glasst prime,DESMOLDANTE GLASST PRIME CANECA 20 KG,20012861,DESMOLDANTE GLASST PRIME,,validado_automatico,db:vw_inventario_agente,90.0,DESMOLDANTE GLASST PRIME,DESMOLDANTE GLASST PRIME CANECA.pdf,renombrar,validado_automatico,"Cruce automático desde inventario (db:vw_inventario_agente, score 90.0) -> DESMOLDANTE GLASST PRIME CANECA"
ficha_tecnica,DRYWALL TIPO 2.pdf,DRYWALL TIPO BLANCO 3780 CANECA.pdf,renombrar,"Cruce automático desde inventario (db:vw_inventario_agente, score 90.0) -> DRYWALL TIPO BLANCO 3780 CANECA",drywall tipo 2,DRYWALL TIPO 2 BLANCO 3780 CANECA 5 GL,10359154,DRYWALL TIPO 2,,validado_automatico,db:vw_inventario_agente,90.0,DRYWALL TIPO 2,DRYWALL TIPO BLANCO 3780 CANECA.pdf,renombrar,validado_automatico,"Cruce automático desde inventario (db:vw_inventario_agente, score 90.0) -> DRYWALL TIPO BLANCO 3780 CANECA"
ficha_tecnica,CONSTRUCLEANER LIMPIADOR NO CORROSIVO.pdf,CONSTRUCLEANER LIMPIADOR NO CORROSIVO.pdf,revisar,"Match encontrado en inventario (db:vw_inventario_agente, score 85.5), pero la propuesta automática parece demasiado SKU-específica o dudosa; revisar manualmente",construcleaner limpiador no corrosivo,GASTOS NO DEDUCIBLES,53159501,CONSTRUCLEANER LIMPIADOR NO CORROSIVO,CONSTRUCLEANER,revisar_manual,db:vw_inventario_agente,85.5,CONSTRUCLEANER LIMPIADOR NO CORROSIVO,GASTOS NO DEDUCIBLES.pdf,revisar,revisar_manual,"Match encontrado en inventario (db:vw_inventario_agente, score 85.5), pero la propuesta automática parece demasiado SKU-específica o dudosa; revisar manualmente"
ficha_tecnica,BARNEX EXTRA PROTECCIÓN.pdf,BARNEX EXTERIOR SEMIBTE.pdf,renombrar,"Cruce automático desde inventario (db:vw_inventario_agente, score 85.5) -> BARNEX EXTERIOR SEMIBTE",barnex extra proteccion,BARNEX EXTERIOR SEMIBTE NARANJA 6608 1G,10014651,BARNEX EXTRA PROTECCION,BARNEX,validado_con_revision,db:vw_inventario_agente,85.5,BARNEX EXTRA PROTECCION,BARNEX EXTERIOR SEMIBTE.pdf,renombrar,validado_con_revision,"Cruce automático desde inventario (db:vw_inventario_agente, score 85.5) -> BARNEX EXTERIOR SEMIBTE"
ficha_tecnica,PINTUCOAT PLUS.pdf,PINTUCOAT PLUS.pdf,revisar,"Match encontrado en inventario (db:vw_inventario_agente, score 90.0), pero la propuesta automática parece demasiado SKU-específica o dudosa; revisar manualmente",pintucoat plus,KIT PINTUCOAT PLUS A.S BLANC 1G Y CAT 1G,20003771,PINTUCOAT PLUS,PINTUCO,revisar_manual,db:vw_inventario_agente,90.0,PINTUCOAT PLUS,KIT PINTUCOAT PLUS A.S BLANC Y CAT.pdf,revisar,revisar_manual,"Match encontrado en inventario (db:vw_inventario_agente, score 90.0), pero la propuesta automática parece demasiado SKU-específica o dudosa; revisar manualmente"
ficha_tecnica,AJUSTADOR EPÓXICO 21209.pdf,AJUSTADOR EPOXICO 21209 GALON.pdf,renombrar,"Cruce automático desde inventario (db:vw_inventario_agente, score 95.0) -> AJUSTADOR EPOXICO 21209 GALON",ajustador epoxico 21209,AJUSTADOR EPOXICO 21209 GALON,56252079,AJUSTADOR EPOXICO 21209,,validado_automatico,db:vw_inventario_agente,95.0,AJUSTADOR EPOXICO 21209,AJUSTADOR EPOXICO 21209 GALON.pdf,renombrar,validado_automatico,"Cruce automático desde inventario (db:vw_inventario_agente, score 95.0) -> AJUSTADOR EPOXICO 21209 GALON"
ficha_tecnica,CORROTEC.pdf,CORROTEC.pdf,revisar,"Match encontrado en inventario (db:vw_inventario_agente, score 90.0), pero la propuesta automática parece demasiado SKU-específica o dudosa; revisar manualmente",corrotec,CORROTEC P. EPOX 50RS GRIS 1G Y CAT 1G,10703066,CORROTEC,,revisar_manual,db:vw_inventario_agente,90.0,CORROTEC,CORROTEC P. EPOX 50RS GRIS Y CAT.pdf,revisar,revisar_manual,"Match encontrado en inventario (db:vw_inventario_agente, score 90.0), pero la propuesta automática parece demasiado SKU-específica o dudosa; revisar manualmente"
ficha_tecnica,SILICONITE 7W.pdf,SILICONITE 7W TRANSPARENTE.pdf,renombrar,"Cruce automático desde inventario (db:vw_inventario_agente, score 90.0) -> SILICONITE 7W TRANSPARENTE",siliconite 7w,PQ SILICONITE 7W TRANSPAREN 3009 18.93L,5892022,SILICONITE 7W,,validado_automatico,db:vw_inventario_agente,90.0,SILICONITE 7W,SILICONITE 7W TRANSPARENTE.pdf,renombrar,validado_automatico,"Cruce automático desde inventario (db:vw_inventario_agente, score 90.0) -> SILICONITE 7W TRANSPARENTE"
ficha_tecnica,SILICONITE 10.pdf,SILICONITE TRANSPARENTE.pdf,renombrar,"Cruce automático desde inventario (db:vw_inventario_agente, score 90.0) -> SILICONITE TRANSPARENTE",siliconite 10,PQ SILICONITE 10 TRANSPAREN 3104 208.17L,5892032,SILICONITE 10,,validado_automatico,db:vw_inventario_agente,90.0,SILICONITE 10,SILICONITE TRANSPARENTE.pdf,renombrar,validado_automatico,"Cruce automático desde inventario (db:vw_inventario_agente, score 90.0) -> SILICONITE TRANSPARENTE"
ficha_tecnica,SELLADOR DE CORROSIÓN.pdf,SELLADOR DE CORROSION.pdf,mantener,"Cruce automático desde inventario (db:vw_inventario_agente, score 90.0) -> SELLADOR DE CORROSION",sellador de corrosion,SELLADOR DE CORROSION UFA800/1L/AA7,5892204,SELLADOR DE CORROSION,,validado_automatico,db:vw_inventario_agente,90.0,SELLADOR DE CORROSION,SELLADOR DE CORROSION.pdf,mantener,validado_automatico,"Cruce automático desde inventario (db:vw_inventario_agente, score 90.0) -> SELLADOR DE CORROSION"
ficha_tecnica,ALTA TEMPERATURA GRIS 902.pdf,ALTAS TEMPERATURAS.pdf,renombrar,"Cruce automático desde inventario (backend_lookup, score 90.0) -> ALTAS TEMPERATURAS",alta temperatura gris 902,ALTAS TEMPERATURAS 901 UEA750/3.7L/AA7,5890596,ALTA TEMPERATURA 902,,validado_automatico,backend_lookup,90.0,ALTA TEMPERATURA 902,ALTAS TEMPERATURAS.pdf,renombrar,validado_automatico,"Cruce automático desde inventario (backend_lookup, score 90.0) -> ALTAS TEMPERATURAS"
ficha_tecnica,CONSTRUCLEANER RINSE LADRILLO ROJO.pdf,CONSTRUCLEANER RINSE LADRILLO ROJ ..pdf,renombrar,"Cruce automático desde inventario (db:vw_inventario_agente, score 89.2) -> CONSTRUCLEANER RINSE LADRILLO ROJ .",construcleaner rinse ladrillo rojo,CONSTRUCLEANER RINSE LADRILLO ROJ 52.83G,10347881,CONSTRUCLEANER RINSE LADRILLO ROJO,CONSTRUCLEANER,validado_con_revision,db:vw_inventario_agente,89.19,CONSTRUCLEANER RINSE LADRILLO ROJO,CONSTRUCLEANER RINSE LADRILLO ROJ ..pdf,renombrar,validado_con_revision,"Cruce automático desde inventario (db:vw_inventario_agente, score 89.2) -> CONSTRUCLEANER RINSE LADRILLO ROJ ."
ficha_tecnica,MASILLA POLIESTER P1500.pdf,MEG MASILLA POLIESTER P1500 AC.pdf,renombrar,"Cruce automático desde inventario (db:vw_inventario_agente, score 90.0) -> MEG MASILLA POLIESTER P1500 AC",masilla poliester p1500,MEG MASILLA POLIESTER P1500 AC 0.75KG,5899562,MASILLA POLIESTER P1500,,validado_automatico,db:vw_inventario_agente,90.0,MASILLA POLIESTER P1500,MEG MASILLA POLIESTER P1500 AC.pdf,renombrar,validado_automatico,"Cruce automático desde inventario (db:vw_inventario_agente, score 90.0) -> MEG MASILLA POLIESTER P1500 AC"
ficha_tecnica,ASEPSIA ULTRA.pdf,ASEPSIA ULTRA.pdf,mantener,"Cruce automático desde inventario (db:vw_inventario_agente, score 90.0) -> ASEPSIA ULTRA",asepsia ultra,P7 ASEPSIA ULTRA BLANCO 27081 3.79L,5893351,ASEPSIA ULTRA,,validado_automatico,db:vw_inventario_agente,90.0,ASEPSIA ULTRA,ASEPSIA ULTRA.pdf,mantener,validado_automatico,"Cruce automático desde inventario (db:vw_inventario_agente, score 90.0) -> ASEPSIA ULTRA"
ficha_tecnica,ESTUCO ACRILICO EXTERIOR FICHA TECNICA ACTUALIZADA.pdf,BARNEX EXTERIOR SEMIBTE.pdf,renombrar,"Cruce automático desde inventario (db:vw_inventario_agente, score 85.5) -> BARNEX EXTERIOR SEMIBTE",estuco acrilico exterior,BARNEX EXTERIOR SEMIBTE NARANJA 6608 1G,10014651,ESTUCO ACRILICO EXTERIOR,,validado_con_revision,db:vw_inventario_agente,85.5,ESTUCO ACRILICO EXTERIOR,BARNEX EXTERIOR SEMIBTE.pdf,renombrar,validado_con_revision,"Cruce automático desde inventario (db:vw_inventario_agente, score 85.5) -> BARNEX EXTERIOR SEMIBTE"
ficha_tecnica,KORAZA PROTECCION 3 EN 1.pdf,KORAZA PRO 550 VD237 D BRILLO EN OLAS.pdf,renombrar,"Cruce automático desde inventario (db:vw_inventario_agente, score 85.5) -> KORAZA PRO 550 VD237 D BRILLO EN OLAS",koraza proteccion 3 en 1,KORAZA PRO 550 VD237-D BRILLO EN OLAS 5G,20002436,KORAZA PROTECCION 3 EN 1,KORAZA,validado_con_revision,db:vw_inventario_agente,85.5,KORAZA PROTECCION 3 EN 1,KORAZA PRO 550 VD237 D BRILLO EN OLAS.pdf,renombrar,validado_con_revision,"Cruce automático desde inventario (db:vw_inventario_agente, score 85.5) -> KORAZA PRO 550 VD237 D BRILLO EN OLAS"
ficha_tecnica,PINTUCOAT BASE AGUA.pdf,PINTUCOAT BASE AGUA.pdf,mantener,"Cruce automático desde inventario (db:vw_inventario_agente, score 95.0) -> PINTUCOAT BASE AGUA",pintucoat base agua,PINTUCOAT BASE AGUA NEGRO 1G,10287443,PINTUCOAT BASE AGUA,PINTUCO,validado_automatico,db:vw_inventario_agente,95.0,PINTUCOAT BASE AGUA,PINTUCOAT BASE AGUA.pdf,mantener,validado_automatico,"Cruce automático desde inventario (db:vw_inventario_agente, score 95.0) -> PINTUCOAT BASE AGUA"
ficha_tecnica,LACA NITRO MADETEC.pdf,MADETEC BO 2K SELLA ALTA TRANS.pdf,renombrar,"Cruce automático desde inventario (db:vw_inventario_agente, score 85.5) -> MADETEC BO 2K SELLA ALTA TRANS",laca nitro madetec,MADETEC BO 2K SELLA ALTA TRANS 28119 50G,10388059,LACA NITRO MADETEC,MADETEC,validado_con_revision,db:vw_inventario_agente,85.5,LACA NITRO MADETEC,MADETEC BO 2K SELLA ALTA TRANS.pdf,renombrar,validado_con_revision,"Cruce automático desde inventario (db:vw_inventario_agente, score 85.5) -> MADETEC BO 2K SELLA ALTA TRANS"
ficha_tecnica,MASILLA DURETAN 19167.pdf,MASILLA FIX BOND BODY FILLER.pdf,renombrar,"Cruce automático desde inventario (db:vw_inventario_agente, score 85.5) -> MASILLA FIX BOND BODY FILLER",masilla duretan 19167,MASILLA FIX BOND BODY FILLER 1/1 GL,10399215,MASILLA DURETAN 19167,,validado_con_revision,db:vw_inventario_agente,85.5,MASILLA DURETAN 19167,MASILLA FIX BOND BODY FILLER.pdf,renombrar,validado_con_revision,"Cruce automático desde inventario (db:vw_inventario_agente, score 85.5) -> MASILLA FIX BOND BODY FILLER"
ficha_tecnica,ESTUCOMASTIC 2 EN 1.pdf,ESTUCOMASTIC EN WHITE 1K.pdf,renombrar,"Cruce automático desde inventario (db:vw_inventario_agente, score 90.0) -> ESTUCOMASTIC EN WHITE 1K",estucomastic 2 en 1,PQ ESTUCOMASTIC 2 EN 1 WHITE 1K,5951259,ESTUCOMASTIC 2 EN 1,,validado_automatico,db:vw_inventario_agente,90.0,ESTUCOMASTIC 2 EN 1,ESTUCOMASTIC EN WHITE 1K.pdf,renombrar,validado_automatico,"Cruce automático desde inventario (db:vw_inventario_agente, score 90.0) -> ESTUCOMASTIC EN WHITE 1K"
ficha_tecnica,PINTUTRAFICO ACRILICA BASE AGUA.pdf,PINTUTRAFICO ACRILICO B AGUA ALTO DE.pdf,renombrar,"Cruce automático desde inventario (backend_lookup, score 94.9) -> PINTUTRAFICO ACRILICO B AGUA ALTO DE",pintutrafico acrilico base agua,PINTUTRAFICO ACRILICO B AGUA ALTO DE 50G,10114347,PINTUTRAFICO ACRILICO BASE AGUA,PINTUCO,validado_automatico,backend_lookup,94.92,PINTUTRAFICO ACRILICO BASE AGUA,PINTUTRAFICO ACRILICO B AGUA ALTO DE.pdf,renombrar,validado_automatico,"Cruce automático desde inventario (backend_lookup, score 94.9) -> PINTUTRAFICO ACRILICO B AGUA ALTO DE"
ficha_tecnica,POLIURETANO RÁPIDO SECADO.pdf,POLIURETANO AMARILLO RAPIDO SECADO.pdf,renombrar,"Cruce automático desde inventario (backend_lookup, score 100.0) -> POLIURETANO AMARILLO RAPIDO SECADO",poliuretano rapido secado,POLIURETANO AMARILLO RAPIDO SECADO 3/4G,10128476,POLIURETANO RAPIDO SECADO,,validado_automatico,backend_lookup,100.0,POLIURETANO RAPIDO SECADO,POLIURETANO AMARILLO RAPIDO SECADO.pdf,renombrar,validado_automatico,"Cruce automático desde inventario (backend_lookup, score 100.0) -> POLIURETANO AMARILLO RAPIDO SECADO"
ficha_tecnica,KORAZA ELASTOMÉRICA.pdf,KORAZA ELASTOMERICA GRIS OSCURO VIVA.pdf,renombrar,"Cruce automático desde inventario (db:vw_inventario_agente, score 90.0) -> KORAZA ELASTOMERICA GRIS OSCURO VIVA",koraza elastomerica,KORAZA ELASTOMERICA GRIS OSCURO VIVA 5GL,10386890,KORAZA ELASTOMERICA,KORAZA,validado_automatico,db:vw_inventario_agente,90.0,KORAZA ELASTOMERICA,KORAZA ELASTOMERICA GRIS OSCURO VIVA.pdf,renombrar,validado_automatico,"Cruce automático desde inventario (db:vw_inventario_agente, score 90.0) -> KORAZA ELASTOMERICA GRIS OSCURO VIVA"
ficha_tecnica,PASTA PULIDORA CREMA 4040.pdf,MEG PASTA PULIDORA CREMA 4040 AC.pdf,renombrar,"Cruce automático desde inventario (db:vw_inventario_agente, score 90.0) -> MEG PASTA PULIDORA CREMA 4040 AC",pasta pulidora crema 4040,MEG PASTA PULIDORA CREMA 4040 AC 0.70L,5863670,PASTA PULIDORA CREMA 4040,,validado_automatico,db:vw_inventario_agente,90.0,PASTA PULIDORA CREMA 4040,MEG PASTA PULIDORA CREMA 4040 AC.pdf,renombrar,validado_automatico,"Cruce automático desde inventario (db:vw_inventario_agente, score 90.0) -> MEG PASTA PULIDORA CREMA 4040 AC"
ficha_tecnica,PINTULUX 3 EN 1 MATE.pdf,PINTULUX EN MATE.pdf,renombrar,"Cruce automático desde inventario (backend_lookup, score 90.0) -> PINTULUX EN MATE",pintulux 3 en 1 mate,PQ PINTULUX 3EN1 MAT NEGRO 89 3.79L,5892414,PINTULUX 3 EN 1 MATE,PINTULUX,validado_automatico,backend_lookup,90.0,PINTULUX 3 EN 1 MATE,PINTULUX EN MATE.pdf,renombrar,validado_automatico,"Cruce automático desde inventario (backend_lookup, score 90.0) -> PINTULUX EN MATE"
ficha_tecnica,PINTULUX 3 EN 1 BRILLANTE.pdf,KORAZA PRO 550 VD237 D BRILLO EN OLAS.pdf,renombrar,"Cruce automático desde inventario (db:vw_inventario_agente, score 85.5) -> KORAZA PRO 550 VD237 D BRILLO EN OLAS",pintulux 3 en 1 brillante,KORAZA PRO 550 VD237-D BRILLO EN OLAS 5G,20002436,PINTULUX 3 EN 1 BRILLANTE,PINTULUX,validado_con_revision,db:vw_inventario_agente,85.5,PINTULUX 3 EN 1 BRILLANTE,KORAZA PRO 550 VD237 D BRILLO EN OLAS.pdf,renombrar,validado_con_revision,"Cruce automático desde inventario (db:vw_inventario_agente, score 85.5) -> KORAZA PRO 550 VD237 D BRILLO EN OLAS"
ficha_tecnica,PINTULUX MAXIMA PROTECCION.pdf,PINTULUX MAXIMA PROTECCION.pdf,revisar,"Match encontrado en inventario (db:vw_inventario_agente, score 85.5), pero la propuesta automática parece demasiado SKU-específica o dudosa; revisar manualmente",pintulux maxima proteccion,PQ KIT PINTULUX BLANC 3.79L+0.95L V+G+BR,5893128,PINTULUX MAXIMA PROTECCION,PINTULUX,revisar_manual,db:vw_inventario_agente,85.5,PINTULUX MAXIMA PROTECCION,KIT PINTULUX BLANC + V+G+BRILLANTE.pdf,revisar,revisar_manual,"Match encontrado en inventario (db:vw_inventario_agente, score 85.5), pero la propuesta automática parece demasiado SKU-específica o dudosa; revisar manualmente"
ficha_tecnica,PINTUCO SELLADOR ACRILICO.pdf,PINTUCO SELLADOR ACRIL.pdf,renombrar,"Cruce automático desde inventario (backend_lookup, score 93.6) -> PINTUCO SELLADOR ACRIL",pintuco sellador acrilico,PINTUCO SELLADOR ACRIL BLANCO 3118 150ML,10339019,PINTUCO SELLADOR ACRILICO,PINTUCO,validado_automatico,backend_lookup,93.62,PINTUCO SELLADOR ACRILICO,PINTUCO SELLADOR ACRIL.pdf,renombrar,validado_automatico,"Cruce automático desde inventario (backend_lookup, score 93.6) -> PINTUCO SELLADOR ACRIL"
ficha_tecnica,WOOD STAIN PROTECTOR PARA MADERA EN EXTERIORES (1).pdf,"DISCO PARA CONCRETO "".pdf",renombrar,"Cruce automático desde inventario (db:vw_inventario_agente, score 85.5) -> DISCO PARA CONCRETO """,wood stain protector para madera en exteriores,"DISCO PARA CONCRETO 7""",56254161,WOOD STAIN PROTECTOR PARA MADERA EN EXTERIORES,,validado_con_revision,db:vw_inventario_agente,85.5,WOOD STAIN PROTECTOR PARA MADERA EN EXTERIORES,"DISCO PARA CONCRETO "".pdf",renombrar,validado_con_revision,"Cruce automático desde inventario (db:vw_inventario_agente, score 85.5) -> DISCO PARA CONCRETO """
ficha_tecnica,KORAZA 5.pdf,KORAZA B.TINT PREP ..pdf,renombrar,"Cruce automático desde inventario (db:vw_inventario_agente, score 90.0) -> KORAZA B.TINT PREP .",koraza 5,KORAZA 5 B.TINT PREP 2.5G,10400422,KORAZA 5,KORAZA,validado_automatico,db:vw_inventario_agente,90.0,KORAZA 5,KORAZA B.TINT PREP ..pdf,renombrar,validado_automatico,"Cruce automático desde inventario (db:vw_inventario_agente, score 90.0) -> KORAZA B.TINT PREP ."
ficha_tecnica,AEROCOLOR ALTAS TEMPERATURAS.pdf,AEROCOLOR ALTAS TEMP MATE.pdf,renombrar,"Cruce automático desde inventario (backend_lookup, score 80.0) -> AEROCOLOR ALTAS TEMP MATE",aerocolor altas temperaturas,PQ AEROCOLOR ALTAS TEMP MAT NEGRO 0.3L,5893697,AEROCOLOR ALTAS TEMPERATURAS,AEROCOLOR,validado_con_revision,backend_lookup,80.0,AEROCOLOR ALTAS TEMPERATURAS,AEROCOLOR ALTAS TEMP MATE.pdf,renombrar,validado_con_revision,"Cruce automático desde inventario (backend_lookup, score 80.0) -> AEROCOLOR ALTAS TEMP MATE"
ficha_tecnica,POLIASPARTICA RAPIDO SECADO.pdf,ACOPLE RAPIDO.pdf,renombrar,"Cruce automático desde inventario (db:vw_inventario_agente, score 85.5) -> ACOPLE RAPIDO",poliaspartica rapido secado,ACOPLE RAPIDO,56252926,POLIASPARTICA RAPIDO SECADO,,validado_con_revision,db:vw_inventario_agente,85.5,POLIASPARTICA RAPIDO SECADO,ACOPLE RAPIDO.pdf,renombrar,validado_con_revision,"Cruce automático desde inventario (db:vw_inventario_agente, score 85.5) -> ACOPLE RAPIDO"
ficha_tecnica,PLASTICO EN FRIO RODILLO.pdf,PLASTICO EN FRIO.pdf,renombrar,"Cruce automático desde inventario (backend_lookup, score 87.5) -> PLASTICO EN FRIO",plastico en frio rodillo,P7 PLASTICO EN FRIO AMARILLO 13762 3.79L,5863693,PLASTICO EN FRIO RODILLO,,validado_con_revision,backend_lookup,87.5,PLASTICO EN FRIO RODILLO,PLASTICO EN FRIO.pdf,renombrar,validado_con_revision,"Cruce automático desde inventario (backend_lookup, score 87.5) -> PLASTICO EN FRIO"
ficha_tecnica,CONSTRUCLEANER RINSE LADRILLO CLARO.pdf,CONSTRUCLEANER RINSE LADRILLO ROJ ..pdf,renombrar,"Cruce automático desde inventario (backend_lookup, score 95.5) -> CONSTRUCLEANER RINSE LADRILLO ROJ .",construcleaner rinse ladrillo claro,CONSTRUCLEANER RINSE LADRILLO ROJ 52.83G,10347881,CONSTRUCLEANER RINSE LADRILLO CLARO,CONSTRUCLEANER,validado_automatico,backend_lookup,95.52,CONSTRUCLEANER RINSE LADRILLO CLARO,CONSTRUCLEANER RINSE LADRILLO ROJ ..pdf,renombrar,validado_automatico,"Cruce automático desde inventario (backend_lookup, score 95.5) -> CONSTRUCLEANER RINSE LADRILLO ROJ ."
ficha_tecnica,ESMALTES TOP QUALITY.pdf,ESMALTE TOP QUALITY TIN RAL.pdf,renombrar,"Cruce automático desde inventario (db:vw_inventario_agente, score 87.7) -> ESMALTE TOP QUALITY TIN RAL",esmaltes top quality,ESMALTE TOP QUALITY TIN RAL 9016 1G,10394965,ESMALTES TOP QUALITY,,validado_con_revision,db:vw_inventario_agente,87.69,ESMALTES TOP QUALITY,ESMALTE TOP QUALITY TIN RAL.pdf,renombrar,validado_con_revision,"Cruce automático desde inventario (db:vw_inventario_agente, score 87.7) -> ESMALTE TOP QUALITY TIN RAL"
ficha_tecnica,ANTICORROSIVO INDUSTRIAL 210003.pdf,TAPABOCAS INDUSTRIAL.pdf,renombrar,"Cruce automático desde inventario (db:vw_inventario_agente, score 85.5) -> TAPABOCAS INDUSTRIAL",anticorrosivo industrial 210003,TAPABOCAS INDUSTRIAL,51012544,ANTICORROSIVO INDUSTRIAL 210003,,validado_con_revision,db:vw_inventario_agente,85.5,ANTICORROSIVO INDUSTRIAL 210003,TAPABOCAS INDUSTRIAL.pdf,renombrar,validado_con_revision,"Cruce automático desde inventario (db:vw_inventario_agente, score 85.5) -> TAPABOCAS INDUSTRIAL"
ficha_tecnica,SUPER GRIP ANTIDESLIZANTE.pdf,SUPER GRIP ANTIDESLIZANT.pdf,renombrar,"Cruce automático desde inventario (backend_lookup, score 96.0) -> SUPER GRIP ANTIDESLIZANT",super grip antideslizante,P7 SUPER GRIP ANTIDESLIZANT 13779 3.79L,5891320,SUPER GRIP ANTIDESLIZANTE,,validado_automatico,backend_lookup,96.0,SUPER GRIP ANTIDESLIZANTE,SUPER GRIP ANTIDESLIZANT.pdf,renombrar,validado_automatico,"Cruce automático desde inventario (backend_lookup, score 96.0) -> SUPER GRIP ANTIDESLIZANT"
ficha_tecnica,ANTICORROSIVO AMARILLO 505.pdf,CANDADO COMBINACION YP2 AMARILLO SKU8828.pdf,renombrar,"Cruce automático desde inventario (db:vw_inventario_agente, score 85.5) -> CANDADO COMBINACION YP2 AMARILLO SKU8828",anticorrosivo amarillo 505,CANDADO COMBINACION YP2 AMARILLO SKU8828,F51060591,ANTICORROSIVO AMARILLO 505,,validado_con_revision,db:vw_inventario_agente,85.5,ANTICORROSIVO AMARILLO 505,CANDADO COMBINACION YP2 AMARILLO SKU8828.pdf,renombrar,validado_con_revision,"Cruce automático desde inventario (db:vw_inventario_agente, score 85.5) -> CANDADO COMBINACION YP2 AMARILLO SKU8828"
ficha_tecnica,AJUSTADOR AROMATICO 21204.pdf,PAGUE PINTUTRAFIC 653 GTIS.pdf,renombrar,"Cruce automático desde inventario (db:vw_inventario_agente, score 85.5) -> PAGUE PINTUTRAFIC 653 GTIS",ajustador aromatico 21204,PAGUE 2G PINTUTRAFIC 653 GTIS 1G 21204,10398146,AJUSTADOR AROMATICO 21204,,validado_con_revision,db:vw_inventario_agente,85.5,AJUSTADOR AROMATICO 21204,PAGUE PINTUTRAFIC 653 GTIS.pdf,renombrar,validado_con_revision,"Cruce automático desde inventario (db:vw_inventario_agente, score 85.5) -> PAGUE PINTUTRAFIC 653 GTIS"
ficha_tecnica,ESTUCO PROFESIONAL 2 EN 1.pdf,KORAZA PRO 550 VD237 D BRILLO EN OLAS.pdf,renombrar,"Cruce automático desde inventario (db:vw_inventario_agente, score 85.5) -> KORAZA PRO 550 VD237 D BRILLO EN OLAS",estuco profesional 2 en 1,KORAZA PRO 550 VD237-D BRILLO EN OLAS 5G,20002436,ESTUCO PROFESIONAL 2 EN 1,,validado_con_revision,db:vw_inventario_agente,85.5,ESTUCO PROFESIONAL 2 EN 1,KORAZA PRO 550 VD237 D BRILLO EN OLAS.pdf,renombrar,validado_con_revision,"Cruce automático desde inventario (db:vw_inventario_agente, score 85.5) -> KORAZA PRO 550 VD237 D BRILLO EN OLAS"
ficha_tecnica,BARNIZ CLEAR MATE 9450.pdf,F BARNIZ K1 AUT GL END E40 THII.pdf,renombrar,"Cruce automático desde inventario (db:vw_inventario_agente, score 85.5) -> F BARNIZ K1 AUT GL END E40 THII",barniz clear mate 9450,F BARNIZ K1 AUT  GL-END E40 1/4 GL THII,F51019803,BARNIZ CLEAR MATE 9450,,validado_con_revision,db:vw_inventario_agente,85.5,BARNIZ CLEAR MATE 9450,F BARNIZ K1 AUT GL END E40 THII.pdf,renombrar,validado_con_revision,"Cruce automático desde inventario (db:vw_inventario_agente, score 85.5) -> F BARNIZ K1 AUT GL END E40 THII"
ficha_tecnica,DESMOLDANTE GLASS 3x1.pdf,DESMOLDANTE GLASST 3X1 310126 CANEC.pdf,renombrar,"Cruce automático desde inventario (backend_lookup, score 95.2) -> DESMOLDANTE GLASST 3X1 310126 CANEC",desmoldante glass 3x1,DESMOLDANTE GLASST 3X1 310126 CANEC 17KG,20012858,DESMOLDANTE GLASS 3X1,,validado_automatico,backend_lookup,95.24,DESMOLDANTE GLASS 3X1,DESMOLDANTE GLASST 3X1 310126 CANEC.pdf,renombrar,validado_automatico,"Cruce automático desde inventario (backend_lookup, score 95.2) -> DESMOLDANTE GLASST 3X1 310126 CANEC"
ficha_tecnica,DESMOLDANTE GLASS SUPREME.pdf,DESMOLDANTE GLASST SUPREME CANECA.pdf,renombrar,"Cruce automático desde inventario (backend_lookup, score 96.0) -> DESMOLDANTE GLASST SUPREME CANECA",desmoldante glass supreme,DESMOLDANTE GLASST SUPREME CANECA 20 KG,20012860,DESMOLDANTE GLASS SUPREME,,validado_automatico,backend_lookup,96.0,DESMOLDANTE GLASS SUPREME,DESMOLDANTE GLASST SUPREME CANECA.pdf,renombrar,validado_automatico,"Cruce automático desde inventario (backend_lookup, score 96.0) -> DESMOLDANTE GLASST SUPREME CANECA"
ficha_tecnica,EPOXICA BASE AGUA.pdf,GRANIACRYL PREM BASE NEUTRA PREMP.pdf,renombrar,"Cruce automático desde inventario (db:vw_inventario_agente, score 85.5) -> GRANIACRYL PREM BASE NEUTRA PREMP",epoxica base agua,GRANIACRYL PREM BASE NEUTRA PREMP 5G,10396312,EPOXICA BASE AGUA,,validado_con_revision,db:vw_inventario_agente,85.5,EPOXICA BASE AGUA,GRANIACRYL PREM BASE NEUTRA PREMP.pdf,renombrar,validado_con_revision,"Cruce automático desde inventario (db:vw_inventario_agente, score 85.5) -> GRANIACRYL PREM BASE NEUTRA PREMP"
ficha_tecnica,AEROCOLOR ELECTROGASODOMESTICOS.pdf,AEROCOLOR ELECTROGASODOMESTICOS.pdf,revisar,"Cruce automático desde inventario (backend_lookup, score 78.6) -> AEROCOLOR ELECTROGASOD BRILLANTE BEIGE",aerocolor electrogasodomesticos,PQ AEROCOLOR ELECTROGASOD BR BEIGE 0.3L,5893702,AEROCOLOR ELECTROGASODOMESTICOS,AEROCOLOR,revisar_manual,backend_lookup,78.57,AEROCOLOR ELECTROGASODOMESTICOS,AEROCOLOR ELECTROGASOD BRILLANTE BEIGE.pdf,revisar,revisar_manual,"Cruce automático desde inventario (backend_lookup, score 78.6) -> AEROCOLOR ELECTROGASOD BRILLANTE BEIGE"
ficha_tecnica,ESMALTE POLIURETANO MADERA.pdf,ESMALTE POLIURETANO AZUL INTENSO 11334 G.pdf,renombrar,"Cruce automático desde inventario (backend_lookup, score 89.4) -> ESMALTE POLIURETANO AZUL INTENSO 11334 G",esmalte poliuretano madera,ESMALTE POLIURETANO AZUL INTENSO 11334 G,10012866,ESMALTE POLIURETANO MADERA,,validado_con_revision,backend_lookup,89.36,ESMALTE POLIURETANO MADERA,ESMALTE POLIURETANO AZUL INTENSO 11334 G.pdf,renombrar,validado_con_revision,"Cruce automático desde inventario (backend_lookup, score 89.4) -> ESMALTE POLIURETANO AZUL INTENSO 11334 G"
ficha_tecnica,BARNIZ SD1.pdf,K BARNEX EXTRA INCOLOR GTS BARNIZ SD1.pdf,renombrar,"Cruce automático desde inventario (db:vw_inventario_agente, score 90.0) -> K BARNEX EXTRA INCOLOR GTS BARNIZ SD1",barniz sd1,K BARNEX EXTRA INCOLOR 2G GTS BARNIZ SD1,10374194,BARNIZ SD1,,validado_automatico,db:vw_inventario_agente,90.0,BARNIZ SD1,K BARNEX EXTRA INCOLOR GTS BARNIZ SD1.pdf,renombrar,validado_automatico,"Cruce automático desde inventario (db:vw_inventario_agente, score 90.0) -> K BARNEX EXTRA INCOLOR GTS BARNIZ SD1"
ficha_tecnica,MADETEC 2K BAJO OLOR.pdf,MADETEC BO 2K SELLA ALTA TRANS.pdf,renombrar,"Cruce automático desde inventario (db:vw_inventario_agente, score 85.5) -> MADETEC BO 2K SELLA ALTA TRANS",madetec 2k bajo olor,MADETEC BO 2K SELLA ALTA TRANS 28119 50G,10388059,MADETEC 2K BAJO OLOR,MADETEC,validado_con_revision,db:vw_inventario_agente,85.5,MADETEC 2K BAJO OLOR,MADETEC BO 2K SELLA ALTA TRANS.pdf,renombrar,validado_con_revision,"Cruce automático desde inventario (db:vw_inventario_agente, score 85.5) -> MADETEC BO 2K SELLA ALTA TRANS"
ficha_tecnica,MADETEC BASE AGUA.pdf,MADETEC BO 2K SELLA ALTA TRANS.pdf,renombrar,"Cruce automático desde inventario (db:vw_inventario_agente, score 85.5) -> MADETEC BO 2K SELLA ALTA TRANS",madetec base agua,MADETEC BO 2K SELLA ALTA TRANS 28119 50G,10388059,MADETEC BASE AGUA,MADETEC,validado_con_revision,db:vw_inventario_agente,85.5,MADETEC BASE AGUA,MADETEC BO 2K SELLA ALTA TRANS.pdf,renombrar,validado_con_revision,"Cruce automático desde inventario (db:vw_inventario_agente, score 85.5) -> MADETEC BO 2K SELLA ALTA TRANS"
ficha_tecnica,MADETEC SELLADOR NITRO.pdf,MADETEC BO 2K SELLA ALTA TRANS.pdf,renombrar,"Cruce automático desde inventario (db:vw_inventario_agente, score 85.5) -> MADETEC BO 2K SELLA ALTA TRANS",madetec sellador nitro,MADETEC BO 2K SELLA ALTA TRANS 28119 50G,10388059,MADETEC SELLADOR NITRO,MADETEC,validado_con_revision,db:vw_inventario_agente,85.5,MADETEC SELLADOR NITRO,MADETEC BO 2K SELLA ALTA TRANS.pdf,renombrar,validado_con_revision,"Cruce automático desde inventario (db:vw_inventario_agente, score 85.5) -> MADETEC BO 2K SELLA ALTA TRANS"
ficha_tecnica,WASH PRIMER 509A-B.pdf,PINTULUX WASH PRIMER 509A.pdf,renombrar,"Cruce automático desde inventario (backend_lookup, score 94.4) -> PINTULUX WASH PRIMER 509A",wash primer 509a-b,PQ PINTULUX WASH PRIMER 509A PT A 1 GL,5892199,WASH PRIMER 509A-B,PINTULUX,validado_automatico,backend_lookup,94.44,WASH PRIMER 509A B,PINTULUX WASH PRIMER 509A.pdf,renombrar,validado_automatico,"Cruce automático desde inventario (backend_lookup, score 94.4) -> PINTULUX WASH PRIMER 509A"
ficha_tecnica,VINILUX 2 EN 1.pdf,KORAZA PRO 550 VD237 D BRILLO EN OLAS.pdf,renombrar,"Cruce automático desde inventario (db:vw_inventario_agente, score 85.5) -> KORAZA PRO 550 VD237 D BRILLO EN OLAS",vinilux 2 en 1,KORAZA PRO 550 VD237-D BRILLO EN OLAS 5G,20002436,VINILUX 2 EN 1,PINTUCO,validado_con_revision,db:vw_inventario_agente,85.5,VINILUX 2 EN 1,KORAZA PRO 550 VD237 D BRILLO EN OLAS.pdf,renombrar,validado_con_revision,"Cruce automático desde inventario (db:vw_inventario_agente, score 85.5) -> KORAZA PRO 550 VD237 D BRILLO EN OLAS"
ficha_tecnica,PRIMER 2K 5001.pdf,KITAUTOS PRIMER 2K 5001 GTIS B.pdf,renombrar,"Cruce automático desde inventario (db:vw_inventario_agente, score 90.0) -> KITAUTOS PRIMER 2K 5001 GTIS B",primer 2k 5001,KITAUTOS 4 GL PRIMER 2K 5001 GTIS 1 GL B,10350853,PRIMER 2K 5001,MEG,validado_automatico,db:vw_inventario_agente,90.0,PRIMER 2K 5001,KITAUTOS PRIMER 2K 5001 GTIS B.pdf,renombrar,validado_automatico,"Cruce automático desde inventario (db:vw_inventario_agente, score 90.0) -> KITAUTOS PRIMER 2K 5001 GTIS B"
ficha_tecnica,POLIURETANO MADERAS P.pdf,POLIURETANO AUTO AZUL LAGO.pdf,renombrar,"Cruce automático desde inventario (db:vw_inventario_agente, score 85.5) -> POLIURETANO AUTO AZUL LAGO",poliuretano maderas p,POLIURETANO AUTO AZUL LAGO 653 1/4G,10379652,POLIURETANO MADERAS P,,validado_con_revision,db:vw_inventario_agente,85.5,POLIURETANO MADERAS P,POLIURETANO AUTO AZUL LAGO.pdf,renombrar,validado_con_revision,"Cruce automático desde inventario (db:vw_inventario_agente, score 85.5) -> POLIURETANO AUTO AZUL LAGO"
ficha_tecnica,POLIURETANO MADERA P.pdf,POLIURETANO AUTO AZUL LAGO.pdf,renombrar,"Cruce automático desde inventario (db:vw_inventario_agente, score 85.5) -> POLIURETANO AUTO AZUL LAGO",poliuretano madera p,POLIURETANO AUTO AZUL LAGO 653 1/4G,10379652,POLIURETANO MADERA P,,validado_con_revision,db:vw_inventario_agente,85.5,POLIURETANO MADERA P,POLIURETANO AUTO AZUL LAGO.pdf,renombrar,validado_con_revision,"Cruce automático desde inventario (db:vw_inventario_agente, score 85.5) -> POLIURETANO AUTO AZUL LAGO"
ficha_tecnica,AEROCOLOR PARA RINES.pdf,AEROCOLOR RINES BRILLANTE.pdf,renombrar,"Cruce automático desde inventario (backend_lookup, score 85.7) -> AEROCOLOR RINES BRILLANTE",aerocolor para rines,PQ AEROCOLOR RINES BR NEGRO 0.3L,5893665,AEROCOLOR PARA RINES,AEROCOLOR,validado_con_revision,backend_lookup,85.71,AEROCOLOR PARA RINES,AEROCOLOR RINES BRILLANTE.pdf,renombrar,validado_con_revision,"Cruce automático desde inventario (backend_lookup, score 85.7) -> AEROCOLOR RINES BRILLANTE"
ficha_tecnica,PINTULACA.pdf,PINTULACA.pdf,revisar,"Match encontrado en inventario (db:vw_inventario_agente, score 90.0), pero la propuesta automática parece demasiado SKU-específica o dudosa; revisar manualmente",pintulaca,KIT PINTULACA BLANCAG-REMOVED1020 1/4,10284456,PINTULACA,PINTUCO,revisar_manual,db:vw_inventario_agente,90.0,PINTULACA,KIT PINTULACA BLANCAG REMOVED1020.pdf,revisar,revisar_manual,"Match encontrado en inventario (db:vw_inventario_agente, score 90.0), pero la propuesta automática parece demasiado SKU-específica o dudosa; revisar manualmente"
ficha_tecnica,primer-epoxi-zinc.pdf,EPOXY ZINC PRIMER.pdf,revisar,"Match encontrado en inventario (db:vw_inventario_agente, score 90.0), pero la propuesta automática parece demasiado SKU-específica o dudosa; revisar manualmente",primer epoxi zinc,F KIT PRIMER EPOXI ZINC CAFE 110055 2G Y,F51019826,EPOXY ZINC PRIMER,,revisar_manual,db:vw_inventario_agente,90.0,PRIMER EPOXI ZINC,F KIT PRIMER EPOXI ZINC CAFE 110055 Y.pdf,revisar,revisar_manual,"Match encontrado en inventario (db:vw_inventario_agente, score 90.0), pero la propuesta automática parece demasiado SKU-específica o dudosa; revisar manualmente"
ficha_tecnica,PINTUCO FLEX.pdf,PINTUCO FLEX.pdf,revisar,"Match encontrado en inventario (db:vw_inventario_agente, score 90.0), pero la propuesta automática parece demasiado SKU-específica o dudosa; revisar manualmente",pintuco flex,F KIT PAG2 LLEV3 PINTUCO FLEX PROFES NEG,F51019913,PINTUCO FLEX,PINTUCO,revisar_manual,db:vw_inventario_agente,90.0,PINTUCO FLEX,F KIT PAG2 LLEV3 PINTUCO FLEX PROFES NEG.pdf,revisar,revisar_manual,"Match encontrado en inventario (db:vw_inventario_agente, score 90.0), pero la propuesta automática parece demasiado SKU-específica o dudosa; revisar manualmente"
ficha_tecnica,ALTA TEMPERATURA NEGRA 901.pdf,ALTAS TEMPERATURAS.pdf,renombrar,"Cruce automático desde inventario (backend_lookup, score 90.0) -> ALTAS TEMPERATURAS",alta temperatura negra 901,ALTAS TEMPERATURAS 901 UEA750/3.7L/AA7,5890596,ALTA TEMPERATURA 901,,validado_automatico,backend_lookup,90.0,ALTA TEMPERATURA 901,ALTAS TEMPERATURAS.pdf,renombrar,validado_automatico,"Cruce automático desde inventario (backend_lookup, score 90.0) -> ALTAS TEMPERATURAS"
ficha_tecnica,TINTE PARA MADERA.pdf,TINTE PARA MADERA WENGUE.pdf,renombrar,"Cruce automático desde inventario (db:vw_inventario_agente, score 90.0) -> TINTE PARA MADERA WENGUE",tinte para madera,TINTE PARA MADERA WENGUE 1/16G,10127678,TINTE PARA MADERA,,validado_automatico,db:vw_inventario_agente,90.0,TINTE PARA MADERA,TINTE PARA MADERA WENGUE.pdf,renombrar,validado_automatico,"Cruce automático desde inventario (db:vw_inventario_agente, score 90.0) -> TINTE PARA MADERA WENGUE"
ficha_tecnica,THINNER LIMPIADOR 21241.pdf,KORAZA LADRILLO LIMPIADOR INCOLO.pdf,renombrar,"Cruce automático desde inventario (db:vw_inventario_agente, score 85.5) -> KORAZA LADRILLO LIMPIADOR INCOLO",thinner limpiador 21241,KORAZA LADRILLO LIMPIADOR INCOLO 2801 1G,10290104,THINNER LIMPIADOR 21241,,validado_con_revision,db:vw_inventario_agente,85.5,THINNER LIMPIADOR 21241,KORAZA LADRILLO LIMPIADOR INCOLO.pdf,renombrar,validado_con_revision,"Cruce automático desde inventario (db:vw_inventario_agente, score 85.5) -> KORAZA LADRILLO LIMPIADOR INCOLO"
ficha_tecnica,PINTURA ANTIGRAFFITI.pdf,SET PINTURA ANTIGRAFFITI.pdf,renombrar,"Cruce automático desde inventario (db:vw_inventario_agente, score 90.0) -> SET PINTURA ANTIGRAFFITI",pintura antigraffiti,P7 SET PINTURA ANTIGRAFFITI 2024 3.79 L,5890251,PINTURA ANTIGRAFFITI,,validado_automatico,db:vw_inventario_agente,90.0,PINTURA ANTIGRAFFITI,SET PINTURA ANTIGRAFFITI.pdf,renombrar,validado_automatico,"Cruce automático desde inventario (db:vw_inventario_agente, score 90.0) -> SET PINTURA ANTIGRAFFITI"
ficha_tecnica,ANTICORROSIVO ROJO 10050 - 545.pdf,ANTICORROSIVO ROJO 310 250CC.pdf,renombrar,"Cruce automático desde inventario (db:vw_inventario_agente, score 88.5) -> ANTICORROSIVO ROJO 310 250CC",anticorrosivo rojo 10050,ANTICORROSIVO ROJO 310 250CC,10017044,ANTICORROSIVO ROJO 10050,,validado_con_revision,db:vw_inventario_agente,88.46,ANTICORROSIVO ROJO 10050,ANTICORROSIVO ROJO 310 250CC.pdf,renombrar,validado_con_revision,"Cruce automático desde inventario (db:vw_inventario_agente, score 88.5) -> ANTICORROSIVO ROJO 310 250CC"
ficha_tecnica,ESMALTE PARA PROTECCION MAQUINARIA.pdf,"DISCO PARA CONCRETO "".pdf",renombrar,"Cruce automático desde inventario (db:vw_inventario_agente, score 85.5) -> DISCO PARA CONCRETO """,esmalte para proteccion maquinaria,"DISCO PARA CONCRETO 7""",56254161,ESMALTE PARA PROTECCION MAQUINARIA,,validado_con_revision,db:vw_inventario_agente,85.5,ESMALTE PARA PROTECCION MAQUINARIA,"DISCO PARA CONCRETO "".pdf",renombrar,validado_con_revision,"Cruce automático desde inventario (db:vw_inventario_agente, score 85.5) -> DISCO PARA CONCRETO """
ficha_tecnica,PINTUCOAT HOJA DE SEGURIDAD.pdf,PINTUCOAT PLUS.pdf,revisar,"Match encontrado en inventario (db:vw_inventario_agente, score 90.0), pero la propuesta automática parece demasiado SKU-específica o dudosa; revisar manualmente",pintucoat plus,KIT PINTUCOAT PLUS A.S BLANC 1G Y CAT 1G,20003771,PINTUCOAT PLUS,PINTUCO,no_reingestar_como_ficha,db:vw_inventario_agente,90.0,PINTUCOAT PLUS,KIT PINTUCOAT PLUS A.S BLANC Y CAT.pdf,revisar,no_reingestar_como_ficha,"Match encontrado en inventario (db:vw_inventario_agente, score 90.0), pero la propuesta automática parece demasiado SKU-específica o dudosa; revisar manualmente"
ficha_tecnica,MONTANA HARDCORE.pdf,ZP MONTANA MATE GRIS T EX0140307M.pdf,renombrar,"Cruce automático desde inventario (db:vw_inventario_agente, score 85.5) -> ZP MONTANA MATE GRIS T EX0140307M",montana hardcore,ZP MONTANA 94 MAT GRIS T EX0140307M 0.4L,5893505,MONTANA HARDCORE,MONTANA,validado_con_revision,db:vw_inventario_agente,85.5,MONTANA HARDCORE,ZP MONTANA MATE GRIS T EX0140307M.pdf,renombrar,validado_con_revision,"Cruce automático desde inventario (db:vw_inventario_agente, score 85.5) -> ZP MONTANA MATE GRIS T EX0140307M"
ficha_tecnica,REMOVEDOR PINTUCO 1020.pdf,REMOVEDOR 1020.pdf,revisar,"Match encontrado en inventario (db:vw_inventario_agente, score 90.0), pero la propuesta automática parece demasiado SKU-específica o dudosa; revisar manualmente",removedor 1020,KIT NI PAGUE 7 LLEVE 8/1 REMOVEDOR 1020,20024076,REMOVEDOR 1020,PINTUCO,revisar_manual,db:vw_inventario_agente,90.0,REMOVEDOR 1020,KIT NI PAGUE LLEVE REMOVEDOR.pdf,revisar,revisar_manual,"Match encontrado en inventario (db:vw_inventario_agente, score 90.0), pero la propuesta automática parece demasiado SKU-específica o dudosa; revisar manualmente"
ficha_tecnica,VINIL LATEX TERINSA.pdf,VINIL PLUS BLANCO HUESO 95038 ..pdf,renombrar,"Cruce automático desde inventario (db:vw_inventario_agente, score 85.5) -> VINIL PLUS BLANCO HUESO 95038 .",vinil latex terinsa,VINIL PLUS BLANCO HUESO 95038 2.5G,10015264,VINIL LATEX TERINSA,TERINSA,validado_con_revision,db:vw_inventario_agente,85.5,VINIL LATEX TERINSA,VINIL PLUS BLANCO HUESO 95038 ..pdf,renombrar,validado_con_revision,"Cruce automático desde inventario (db:vw_inventario_agente, score 85.5) -> VINIL PLUS BLANCO HUESO 95038 ."
ficha_tecnica,VINIL PLUS TERINSA.pdf,VINIL PLUS BLANCO HUESO 95038 ..pdf,renombrar,"Cruce automático desde inventario (db:vw_inventario_agente, score 85.5) -> VINIL PLUS BLANCO HUESO 95038 .",vinil plus terinsa,VINIL PLUS BLANCO HUESO 95038 2.5G,10015264,VINIL PLUS TERINSA,TERINSA,validado_con_revision,db:vw_inventario_agente,85.5,VINIL PLUS TERINSA,VINIL PLUS BLANCO HUESO 95038 ..pdf,renombrar,validado_con_revision,"Cruce automático desde inventario (db:vw_inventario_agente, score 85.5) -> VINIL PLUS BLANCO HUESO 95038 ."
ficha_tecnica,VINIL MAX TERINSA.pdf,"DISCO C. F PRO "" MAX INOX CLAVE.pdf",renombrar,"Cruce automático desde inventario (db:vw_inventario_agente, score 85.5) -> DISCO C. F PRO "" MAX INOX CLAVE",vinil max terinsa,"DISCO C. F-PRO 4 1/2"" MAX INOX CLAVE 431",F51059585,VINIL MAX TERINSA,TERINSA,validado_con_revision,db:vw_inventario_agente,85.5,VINIL MAX TERINSA,"DISCO C. F PRO "" MAX INOX CLAVE.pdf",renombrar,validado_con_revision,"Cruce automático desde inventario (db:vw_inventario_agente, score 85.5) -> DISCO C. F PRO "" MAX INOX CLAVE"
ficha_tecnica,PINTUCO SILICONA NEUTRA.pdf,PINTUCO SILICONA NEUTRA.pdf,mantener,"Cruce automático desde inventario (db:vw_inventario_agente, score 95.0) -> PINTUCO SILICONA NEUTRA",pintuco silicona neutra,PINTUCO SILICONA NEUTRA GRIS 300ML,10352183,PINTUCO SILICONA NEUTRA,PINTUCO,validado_automatico,db:vw_inventario_agente,95.0,PINTUCO SILICONA NEUTRA,PINTUCO SILICONA NEUTRA.pdf,mantener,validado_automatico,"Cruce automático desde inventario (db:vw_inventario_agente, score 95.0) -> PINTUCO SILICONA NEUTRA"
ficha_tecnica,GRANIACRYL PREMIUM GRANIPLAST.pdf,"RODILLO PREMIUM "".pdf",renombrar,"Cruce automático desde inventario (db:vw_inventario_agente, score 85.5) -> RODILLO PREMIUM """,graniacryl premium graniplast,"RODILLO PREMIUM 9""",51018847,GRANIACRYL PREMIUM GRANIPLAST,GRANIPLAST,validado_con_revision,db:vw_inventario_agente,85.5,GRANIACRYL PREMIUM GRANIPLAST,"RODILLO PREMIUM "".pdf",renombrar,validado_con_revision,"Cruce automático desde inventario (db:vw_inventario_agente, score 85.5) -> RODILLO PREMIUM """
ficha_tecnica,FLASH PRIMER 2K.pdf,K FLASH PRIMER 2K GRIS + END E70.pdf,renombrar,"Cruce automático desde inventario (db:vw_inventario_agente, score 90.0) -> K FLASH PRIMER 2K GRIS + END E70",flash primer 2k,K 10 FLASH PRIMER 2K GRIS 1G+1/4 END E70,10386870,FLASH PRIMER 2K,,validado_automatico,db:vw_inventario_agente,90.0,FLASH PRIMER 2K,K FLASH PRIMER 2K GRIS + END E70.pdf,renombrar,validado_automatico,"Cruce automático desde inventario (db:vw_inventario_agente, score 90.0) -> K FLASH PRIMER 2K GRIS + END E70"
ficha_tecnica,ALTA TEMPERATURA ALUMINIO 905.pdf,ALTAS TEMPERATURAS.pdf,renombrar,"Cruce automático desde inventario (backend_lookup, score 90.0) -> ALTAS TEMPERATURAS",alta temperatura aluminio 905,ALTAS TEMPERATURAS 901 UEA750/3.7L/AA7,5890596,ALTA TEMPERATURA 905,,validado_automatico,backend_lookup,90.0,ALTA TEMPERATURA 905,ALTAS TEMPERATURAS.pdf,renombrar,validado_automatico,"Cruce automático desde inventario (backend_lookup, score 90.0) -> ALTAS TEMPERATURAS"
ficha_tecnica,CONSTRUCLEANER RESTAURADOR DE LADRILLO.pdf,AUXILIO DE TRANSPORTE.pdf,renombrar,"Cruce automático desde inventario (db:vw_inventario_agente, score 85.5) -> AUXILIO DE TRANSPORTE",construcleaner restaurador de ladrillo,AUXILIO DE TRANSPORTE,52052701,CONSTRUCLEANER RESTAURADOR DE LADRILLO,CONSTRUCLEANER,validado_con_revision,db:vw_inventario_agente,85.5,CONSTRUCLEANER RESTAURADOR DE LADRILLO,AUXILIO DE TRANSPORTE.pdf,renombrar,validado_con_revision,"Cruce automático desde inventario (db:vw_inventario_agente, score 85.5) -> AUXILIO DE TRANSPORTE"
ficha_tecnica,PLASTICO EN FRIO EN LLANA.pdf,PLASTICO EN FRIO EN LLANA.pdf,revisar,"Match encontrado en inventario (db:vw_inventario_agente, score 88.0), pero la propuesta automática parece demasiado SKU-específica o dudosa; revisar manualmente",plastico en frio en llana,KIT PLASTICO FRIO LLANA NEGRO 1GL,10388483,PLASTICO EN FRIO EN LLANA,,revisar_manual,db:vw_inventario_agente,88.05,PLASTICO EN FRIO EN LLANA,KIT PLASTICO FRIO LLANA.pdf,revisar,revisar_manual,"Match encontrado en inventario (db:vw_inventario_agente, score 88.0), pero la propuesta automática parece demasiado SKU-específica o dudosa; revisar manualmente"
ficha_tecnica,WASH PRIMER BASE AGUA.pdf,CORROTEC WASH PRIMER BASE AGUA.pdf,renombrar,"Cruce automático desde inventario (db:vw_inventario_agente, score 90.0) -> CORROTEC WASH PRIMER BASE AGUA",wash primer base agua,PQ CORROTEC WASH PRIMER BASE AGUA 0.95L,5891756,WASH PRIMER BASE AGUA,PINTULUX,validado_automatico,db:vw_inventario_agente,90.0,WASH PRIMER BASE AGUA,CORROTEC WASH PRIMER BASE AGUA.pdf,renombrar,validado_automatico,"Cruce automático desde inventario (db:vw_inventario_agente, score 90.0) -> CORROTEC WASH PRIMER BASE AGUA"
ficha_tecnica,ALUMINIO LIQUIDO ECP-100.pdf,ESMALTE DOMESTICO ALUMINIO P.pdf,renombrar,"Cruce automático desde inventario (db:vw_inventario_agente, score 85.5) -> ESMALTE DOMESTICO ALUMINIO P",aluminio liquido ecp-100,ESMALTE DOMESTICO ALUMINIO P-153 1/8G,10227787,ALUMINIO LIQUIDO ECP-100,,validado_con_revision,db:vw_inventario_agente,85.5,ALUMINIO LIQUIDO ECP 100,ESMALTE DOMESTICO ALUMINIO P.pdf,renombrar,validado_con_revision,"Cruce automático desde inventario (db:vw_inventario_agente, score 85.5) -> ESMALTE DOMESTICO ALUMINIO P"
ficha_tecnica,EPOXICA BASE AGUA PINTUCO.pdf,F PG LLVE PINTUCO SILICONA GRIS 300M.pdf,renombrar,"Cruce automático desde inventario (db:vw_inventario_agente, score 85.5) -> F PG LLVE PINTUCO SILICONA GRIS 300M",epoxica base agua pintuco,F PG 4 LLVE 6 PINTUCO SILICONA GRIS 300M,F51019940,EPOXICA BASE AGUA PINTUCO,PINTUCO,validado_con_revision,db:vw_inventario_agente,85.5,EPOXICA BASE AGUA PINTUCO,F PG LLVE PINTUCO SILICONA GRIS 300M.pdf,renombrar,validado_con_revision,"Cruce automático desde inventario (db:vw_inventario_agente, score 85.5) -> F PG LLVE PINTUCO SILICONA GRIS 300M"
ficha_tecnica,PU Mate Serie 600 Act.pdf,KN3136 POL NEGRO GRANULAD MATE BTC.pdf,renombrar,"Cruce automático desde inventario (db:vw_inventario_agente, score 85.5) -> KN3136 POL NEGRO GRANULAD MATE BTC",pu mate serie 600 act,KN3136 POL NEGRO GRANULAD MATE BTC  25KG,5864331,PU MATE SERIE 600 ACT,,validado_con_revision,db:vw_inventario_agente,85.5,PU MATE SERIE 600 ACT,KN3136 POL NEGRO GRANULAD MATE BTC.pdf,renombrar,validado_con_revision,"Cruce automático desde inventario (db:vw_inventario_agente, score 85.5) -> KN3136 POL NEGRO GRANULAD MATE BTC"
ficha_tecnica,THINNER CORRIENTE 21219.pdf,THINNER CORRIENTE.pdf,renombrar,"Cruce automático desde inventario (db:vw_inventario_agente, score 95.0) -> THINNER CORRIENTE",thinner corriente 21219,PQ THINNER CORRIENTE 21219 0.95L,5891369,THINNER CORRIENTE 21219,,validado_automatico,db:vw_inventario_agente,95.0,THINNER CORRIENTE 21219,THINNER CORRIENTE.pdf,renombrar,validado_automatico,"Cruce automático desde inventario (db:vw_inventario_agente, score 95.0) -> THINNER CORRIENTE"
ficha_tecnica,PINTURAMA.pdf,PINTURAMA VERDE CRISTAL.pdf,renombrar,"Cruce automático desde inventario (db:vw_inventario_agente, score 90.0) -> PINTURAMA VERDE CRISTAL",pinturama,PINTURAMA VERDE CRISTAL 117848 1G,10013503,PINTURAMA,,validado_automatico,db:vw_inventario_agente,90.0,PINTURAMA,PINTURAMA VERDE CRISTAL.pdf,renombrar,validado_automatico,"Cruce automático desde inventario (db:vw_inventario_agente, score 90.0) -> PINTURAMA VERDE CRISTAL"
ficha_tecnica,MICROESFERAS DE VIDRIO.pdf,BANDEJA SUPERMAX NARANJA DE 9PULG.pdf,renombrar,"Cruce automático desde inventario (db:vw_inventario_agente, score 85.5) -> BANDEJA SUPERMAX NARANJA DE 9PULG",microesferas de vidrio,BANDEJA SUPERMAX NARANJA DE 9PULG,10018301,MICROESFERAS DE VIDRIO,,validado_con_revision,db:vw_inventario_agente,85.5,MICROESFERAS DE VIDRIO,BANDEJA SUPERMAX NARANJA DE 9PULG.pdf,renombrar,validado_con_revision,"Cruce automático desde inventario (db:vw_inventario_agente, score 85.5) -> BANDEJA SUPERMAX NARANJA DE 9PULG"
ficha_tecnica,WOOD STAIN IMPREGNANTE PARA MADERAS.pdf,"DISCO PARA CONCRETO "".pdf",renombrar,"Cruce automático desde inventario (db:vw_inventario_agente, score 85.5) -> DISCO PARA CONCRETO """,wood stain impregnante para maderas,"DISCO PARA CONCRETO 7""",56254161,WOOD STAIN IMPREGNANTE PARA MADERAS,,validado_con_revision,db:vw_inventario_agente,85.5,WOOD STAIN IMPREGNANTE PARA MADERAS,"DISCO PARA CONCRETO "".pdf",renombrar,validado_con_revision,"Cruce automático desde inventario (db:vw_inventario_agente, score 85.5) -> DISCO PARA CONCRETO """
ficha_tecnica,PINTURA EPOXICA BASE SOLVENTE.pdf,PINTURA EPOXICA B SOLVENTE BLANCO ..pdf,renombrar,"Cruce automático desde inventario (db:vw_inventario_agente, score 86.0) -> PINTURA EPOXICA B SOLVENTE BLANCO .",pintura epoxica base solvente,PINTURA EPOXICA B SOLVENTE BLANCO 0.75G,10014492,PINTURA EPOXICA BASE SOLVENTE,,validado_con_revision,db:vw_inventario_agente,86.04,PINTURA EPOXICA BASE SOLVENTE,PINTURA EPOXICA B SOLVENTE BLANCO ..pdf,renombrar,validado_con_revision,"Cruce automático desde inventario (db:vw_inventario_agente, score 86.0) -> PINTURA EPOXICA B SOLVENTE BLANCO ."
ficha_tecnica,PRIMER EPOXICO DE RAPIDO SECADO GRIS.pdf,PRIMER EPOXICO DE RAPIDO SECAD.pdf,renombrar,"Cruce automático desde inventario (db:vw_inventario_agente, score 92.1) -> PRIMER EPOXICO DE RAPIDO SECAD",primer epoxico rapido secado gris,PRIMER EPOXICO DE RAPIDO SECAD GRIS 1/4G,10130775,PRIMER EPOXICO RAPIDO SECADO GRIS,,validado_automatico,db:vw_inventario_agente,92.11,PRIMER EPOXICO DE RAPIDO SECADO GRIS,PRIMER EPOXICO DE RAPIDO SECAD.pdf,renombrar,validado_automatico,"Cruce automático desde inventario (db:vw_inventario_agente, score 92.1) -> PRIMER EPOXICO DE RAPIDO SECAD"
ficha_tecnica,AJUSTADOR ACRILICAS CAUCHO CLORADO 21121.pdf,AJUSTADOR 204 CANECA.pdf,renombrar,"Cruce automático desde inventario (db:vw_inventario_agente, score 85.5) -> AJUSTADOR 204 CANECA",ajustador acrilicas caucho clorado 21121,AJUSTADOR 204 CANECA,56254706,AJUSTADOR ACRILICAS CAUCHO CLORADO 21121,,validado_con_revision,db:vw_inventario_agente,85.5,AJUSTADOR ACRILICAS CAUCHO CLORADO 21121,AJUSTADOR 204 CANECA.pdf,renombrar,validado_con_revision,"Cruce automático desde inventario (db:vw_inventario_agente, score 85.5) -> AJUSTADOR 204 CANECA"
ficha_tecnica,AJUSTADOR AROMÁTICO INCOLORO 21134.pdf,AJUSTADOR 204 CANECA.pdf,renombrar,"Cruce automático desde inventario (db:vw_inventario_agente, score 85.5) -> AJUSTADOR 204 CANECA",ajustador aromatico incoloro 21134,AJUSTADOR 204 CANECA,56254706,AJUSTADOR AROMATICO INCOLORO 21134,,validado_con_revision,db:vw_inventario_agente,85.5,AJUSTADOR AROMATICO INCOLORO 21134,AJUSTADOR 204 CANECA.pdf,renombrar,validado_con_revision,"Cruce automático desde inventario (db:vw_inventario_agente, score 85.5) -> AJUSTADOR 204 CANECA"
ficha_tecnica,MASILLA P2500.pdf,MASILLA P2500.pdf,revisar,"Match encontrado en inventario (db:vw_inventario_agente, score 90.0), pero la propuesta automática parece demasiado SKU-específica o dudosa; revisar manualmente",masilla p2500,KIT 11 LLEVE 12 CUARTOS MASILLA P2500,10374458,MASILLA P2500,,revisar_manual,db:vw_inventario_agente,90.0,MASILLA P2500,KIT LLEVE CUARTOS MASILLA P2500.pdf,revisar,revisar_manual,"Match encontrado en inventario (db:vw_inventario_agente, score 90.0), pero la propuesta automática parece demasiado SKU-específica o dudosa; revisar manualmente"
ficha_tecnica,ESGRAFIADO STANDARD GRANIPLAST.pdf,GRANIPLAST ESGRAFIADO TX 3P.pdf,renombrar,"Cruce automático desde inventario (backend_lookup, score 82.4) -> GRANIPLAST ESGRAFIADO TX 3P",esgrafiado standard graniplast,GRANIPLAST ESGRAFIADO 20 TX 3P 30 KG,10359446,ESGRAFIADO STANDARD GRANIPLAST,GRANIPLAST,validado_con_revision,backend_lookup,82.35,ESGRAFIADO STANDARD GRANIPLAST,GRANIPLAST ESGRAFIADO TX 3P.pdf,renombrar,validado_con_revision,"Cruce automático desde inventario (backend_lookup, score 82.4) -> GRANIPLAST ESGRAFIADO TX 3P"
ficha_tecnica,IMPRIMAX.pdf,IMPRIMAX BASE COLOR 84TX5T CANECA.pdf,renombrar,"Cruce automático desde inventario (db:vw_inventario_agente, score 90.0) -> IMPRIMAX BASE COLOR 84TX5T CANECA",imprimax,IMPRIMAX BASE COLOR 84TX5T CANECA 5 GL,20017725,IMPRIMAX,,validado_automatico,db:vw_inventario_agente,90.0,IMPRIMAX,IMPRIMAX BASE COLOR 84TX5T CANECA.pdf,renombrar,validado_automatico,"Cruce automático desde inventario (db:vw_inventario_agente, score 90.0) -> IMPRIMAX BASE COLOR 84TX5T CANECA"
ficha_tecnica,CONSTRUCLEANER LIMPIADOR DESENGRASANTE.pdf,LIMPIADOR DE JUNTAS.pdf,renombrar,"Cruce automático desde inventario (db:vw_inventario_agente, score 85.5) -> LIMPIADOR DE JUNTAS",construcleaner limpiador desengrasante,LIMPIADOR DE JUNTAS 650ML,51018920,CONSTRUCLEANER LIMPIADOR DESENGRASANTE,CONSTRUCLEANER,validado_con_revision,db:vw_inventario_agente,85.5,CONSTRUCLEANER LIMPIADOR DESENGRASANTE,LIMPIADOR DE JUNTAS.pdf,renombrar,validado_con_revision,"Cruce automático desde inventario (db:vw_inventario_agente, score 85.5) -> LIMPIADOR DE JUNTAS"
ficha_tecnica,ESGRAFIADO PREMIUM GRANIPLAST.pdf,"RODILLO PREMIUM "".pdf",renombrar,"Cruce automático desde inventario (db:vw_inventario_agente, score 85.5) -> RODILLO PREMIUM """,esgrafiado premium graniplast,"RODILLO PREMIUM 9""",51018847,ESGRAFIADO PREMIUM GRANIPLAST,GRANIPLAST,validado_con_revision,db:vw_inventario_agente,85.5,ESGRAFIADO PREMIUM GRANIPLAST,"RODILLO PREMIUM "".pdf",renombrar,validado_con_revision,"Cruce automático desde inventario (db:vw_inventario_agente, score 85.5) -> RODILLO PREMIUM """
ficha_tecnica,CLEAR FRU-5500.pdf,RANDOGRIP PRIMER ACRILICO CLEAR.pdf,renombrar,"Cruce automático desde inventario (db:vw_inventario_agente, score 85.5) -> RANDOGRIP PRIMER ACRILICO CLEAR",clear fru-5500,RANDOGRIP PRIMER ACRILICO CLEAR 5G,10361029,CLEAR FRU-5500,,validado_con_revision,db:vw_inventario_agente,85.5,CLEAR FRU 5500,RANDOGRIP PRIMER ACRILICO CLEAR.pdf,renombrar,validado_con_revision,"Cruce automático desde inventario (db:vw_inventario_agente, score 85.5) -> RANDOGRIP PRIMER ACRILICO CLEAR"
ficha_tecnica,MEG PRIMER PARA PLASTICOS 28600 AC 0.94L.pdf,MEG PRIMER PARA PLASTICOS 28600 AC.pdf,renombrar,"Cruce automático desde inventario (db:vw_inventario_agente, score 100.0) -> MEG PRIMER PARA PLASTICOS 28600 AC",meg primer para plasticos 28600 ac,MEG PRIMER PARA PLASTICOS 28600 AC 0.94L,5891273,MEG PRIMER PARA PLASTICOS 28600 AC,MEG,validado_automatico,db:vw_inventario_agente,100.0,MEG PRIMER PARA PLASTICOS 28600 AC 0.94L,MEG PRIMER PARA PLASTICOS 28600 AC.pdf,renombrar,validado_automatico,"Cruce automático desde inventario (db:vw_inventario_agente, score 100.0) -> MEG PRIMER PARA PLASTICOS 28600 AC"
ficha_tecnica,ESTUCOR BULTO 25 KL LISTO.pdf,ESTUCOR BULTO * KL LISTO.pdf,renombrar,"Cruce automático desde inventario (db:vw_inventario_agente, score 98.0) -> ESTUCOR BULTO * KL LISTO",estucor bulto 25 kl listo,ESTUCOR BULTO *25 KL LISTO,F9017239AB,ESTUCOR BULTO 25 KL LISTO,,validado_automatico,db:vw_inventario_agente,98.04,ESTUCOR BULTO 25 KL LISTO,ESTUCOR BULTO * KL LISTO.pdf,renombrar,validado_automatico,"Cruce automático desde inventario (db:vw_inventario_agente, score 98.0) -> ESTUCOR BULTO * KL LISTO"
ficha_tecnica,ESTUCOR BULTO 25 KLS MOLDURA.pdf,ESTUCOR BULTO * KLS MOLDURA.pdf,renombrar,"Cruce automático desde inventario (db:vw_inventario_agente, score 96.6) -> ESTUCOR BULTO * KLS MOLDURA",estucor bulto 25 kls moldura,ESTUCOR BULTO  *25 KLS MOLDURA,F9017239B,ESTUCOR BULTO 25 KLS MOLDURA,,validado_automatico,db:vw_inventario_agente,96.55,ESTUCOR BULTO 25 KLS MOLDURA,ESTUCOR BULTO * KLS MOLDURA.pdf,renombrar,validado_automatico,"Cruce automático desde inventario (db:vw_inventario_agente, score 96.6) -> ESTUCOR BULTO * KLS MOLDURA"
ficha_tecnica,PQ ACROLATEX 50.pdf,ACROLATEX 3508 4K.pdf,renombrar,"Cruce automático desde inventario (db:vw_inventario_agente, score 90.0) -> ACROLATEX 3508 4K",acrolatex 50,PQ ACROLATEX 50 3508 4K,5891003,ACROLATEX 50,,validado_automatico,db:vw_inventario_agente,90.0,ACROLATEX 50,ACROLATEX 3508 4K.pdf,renombrar,validado_automatico,"Cruce automático desde inventario (db:vw_inventario_agente, score 90.0) -> ACROLATEX 3508 4K"
ficha_tecnica,PQ TELA DE REFUERZO.pdf,TELA DE REFUERZO 2800 METRO.pdf,renombrar,"Cruce automático desde inventario (db:vw_inventario_agente, score 90.0) -> TELA DE REFUERZO 2800 METRO",tela de refuerzo,PQ TELA DE REFUERZO 2800 50 METRO,6446981,TELA DE REFUERZO,,validado_automatico,db:vw_inventario_agente,90.0,TELA DE REFUERZO,TELA DE REFUERZO 2800 METRO.pdf,renombrar,validado_automatico,"Cruce automático desde inventario (db:vw_inventario_agente, score 90.0) -> TELA DE REFUERZO 2800 METRO"
ficha_tecnica,PQ CANCHAS MAT.pdf,PINTURA CANCHAS AZ057 A CAUDAL.pdf,renombrar,"Cruce automático desde inventario (db:vw_inventario_agente, score 90.0) -> PINTURA CANCHAS AZ057 A CAUDAL",pintura canchas,PINTURA CANCHAS AZ057-A CAUDAL AZUL 5 GL,20001452,PINTURA CANCHAS,,validado_automatico,db:vw_inventario_agente,90.0,PINTURA CANCHAS,PINTURA CANCHAS AZ057 A CAUDAL.pdf,renombrar,validado_automatico,"Cruce automático desde inventario (db:vw_inventario_agente, score 90.0) -> PINTURA CANCHAS AZ057 A CAUDAL"
ficha_tecnica,P7 PINTUTRAF BS.pdf,PINTUTRAF BS.pdf,renombrar,"Cruce automático desde inventario (db:vw_inventario_agente, score 90.0) -> PINTUTRAF BS",p7 pintutraf bs,P7 PINTUTRAF BS NEGRO 13756 3.79L,5891764,P7 PINTUTRAF BS,,validado_automatico,db:vw_inventario_agente,90.0,P7 PINTUTRAF BS,PINTUTRAF BS.pdf,renombrar,validado_automatico,"Cruce automático desde inventario (db:vw_inventario_agente, score 90.0) -> PINTUTRAF BS"
ficha_tecnica,VITRIFLEX BASE AGUA.pdf,GRANIACRYL PREM BASE NEUTRA PREMP.pdf,renombrar,"Cruce automático desde inventario (db:vw_inventario_agente, score 85.5) -> GRANIACRYL PREM BASE NEUTRA PREMP",vitriflex base agua,GRANIACRYL PREM BASE NEUTRA PREMP 5G,10396312,VITRIFLEX BASE AGUA,,validado_con_revision,db:vw_inventario_agente,85.5,VITRIFLEX BASE AGUA,GRANIACRYL PREM BASE NEUTRA PREMP.pdf,renombrar,validado_con_revision,"Cruce automático desde inventario (db:vw_inventario_agente, score 85.5) -> GRANIACRYL PREM BASE NEUTRA PREMP"
ficha_tecnica,ACUALUX.pdf,ACUALUX B.DEEP PREP.pdf,renombrar,"Cruce automático desde inventario (db:vw_inventario_agente, score 90.0) -> ACUALUX B.DEEP PREP",acualux,ACUALUX B.DEEP PREP 1G,10400465,ACUALUX,,validado_automatico,db:vw_inventario_agente,90.0,ACUALUX,ACUALUX B.DEEP PREP.pdf,renombrar,validado_automatico,"Cruce automático desde inventario (db:vw_inventario_agente, score 90.0) -> ACUALUX B.DEEP PREP"
ficha_tecnica,VINILTEX VIDA.pdf,VINILTEX VIDA ECO MATE.pdf,renombrar,"Cruce automático desde inventario (db:vw_inventario_agente, score 90.0) -> VINILTEX VIDA ECO MATE",viniltex vida,PQ VINILTEX VIDA ECO MAT 11174 3.79L,5892163,VINILTEX VIDA,PINTUCO,validado_automatico,db:vw_inventario_agente,90.0,VINILTEX VIDA,VINILTEX VIDA ECO MATE.pdf,renombrar,validado_automatico,"Cruce automático desde inventario (db:vw_inventario_agente, score 90.0) -> VINILTEX VIDA ECO MATE"
ficha_tecnica,VINILICO.pdf,VINILICO CHAMPANA.pdf,renombrar,"Cruce automático desde inventario (db:vw_inventario_agente, score 90.0) -> VINILICO CHAMPANA",vinilico,VINILICO CHAMPANA 1G,10013713,VINILICO,,validado_automatico,db:vw_inventario_agente,90.0,VINILICO,VINILICO CHAMPANA.pdf,renombrar,validado_automatico,"Cruce automático desde inventario (db:vw_inventario_agente, score 90.0) -> VINILICO CHAMPANA"
ficha_tecnica,KORAZA 5 GARANTIA.pdf,KORAZA PRO 550 VD237 D BRILLO EN OLAS.pdf,renombrar,"Cruce automático desde inventario (db:vw_inventario_agente, score 85.5) -> KORAZA PRO 550 VD237 D BRILLO EN OLAS",koraza 5 garantia,KORAZA PRO 550 VD237-D BRILLO EN OLAS 5G,20002436,KORAZA 5 GARANTIA,KORAZA,validado_con_revision,db:vw_inventario_agente,85.5,KORAZA 5 GARANTIA,KORAZA PRO 550 VD237 D BRILLO EN OLAS.pdf,renombrar,validado_con_revision,"Cruce automático desde inventario (db:vw_inventario_agente, score 85.5) -> KORAZA PRO 550 VD237 D BRILLO EN OLAS"
ficha_tecnica,KORAZA PRO 750 ELASTOMERICA.pdf,SELLADOR ULTRA PRO.pdf,renombrar,"Cruce automático desde inventario (db:vw_inventario_agente, score 85.5) -> SELLADOR ULTRA PRO",koraza pro 750 elastomerica,SELLADOR ULTRA PRO,56253585,KORAZA PRO 750 ELASTOMERICA,KORAZA,validado_con_revision,db:vw_inventario_agente,85.5,KORAZA PRO 750 ELASTOMERICA,SELLADOR ULTRA PRO.pdf,renombrar,validado_con_revision,"Cruce automático desde inventario (db:vw_inventario_agente, score 85.5) -> SELLADOR ULTRA PRO"
ficha_tecnica,QUARZ G300N.pdf,ARENA QUARZO G300N.pdf,renombrar,"Cruce automático desde inventario (backend_lookup, score 100.0) -> ARENA QUARZO G300N",quarz g300n,ARENA QUARZO G300N UFA850/25KG/AA7,5891610,ARENA QUARZO G300N UFA850,,validado_automatico,backend_lookup,100.0,ARENA QUARZO G300N UFA850,ARENA QUARZO G300N.pdf,renombrar,validado_automatico,"Cruce automático desde inventario (backend_lookup, score 100.0) -> ARENA QUARZO G300N"
ficha_tecnica,CONSTRUCLEANER RESTAURADOR FACHADAS.pdf,CONSTRUCLEANER RESTAURADOR FACHA ..pdf,renombrar,"Cruce automático desde inventario (backend_lookup, score 95.5) -> CONSTRUCLEANER RESTAURADOR FACHA .",construcleaner restaurador fachadas,CONSTRUCLEANER RESTAURADOR FACHA 52.83G,10347882,CONSTRUCLEANER RESTAURADOR FACHADAS,CONSTRUCLEANER,validado_automatico,backend_lookup,95.52,CONSTRUCLEANER RESTAURADOR FACHADAS,CONSTRUCLEANER RESTAURADOR FACHA ..pdf,renombrar,validado_automatico,"Cruce automático desde inventario (backend_lookup, score 95.5) -> CONSTRUCLEANER RESTAURADOR FACHA ."
ficha_tecnica,CONSTRUCLEANER MANTENIMIENTO FACHADAS.pdf,CONSTRUCLEANER MANTENIMIENTO FACHADAS.pdf,revisar,"Cruce automático desde inventario (backend_lookup, score 69.6) -> CONSTRUCLEANER RESTAURADOR FACHA .",construcleaner mantenimiento fachadas,CONSTRUCLEANER RESTAURADOR FACHA 52.83G,10347882,CONSTRUCLEANER MANTENIMIENTO FACHADAS,CONSTRUCLEANER,revisar_manual,backend_lookup,69.57,CONSTRUCLEANER MANTENIMIENTO FACHADAS,CONSTRUCLEANER RESTAURADOR FACHA ..pdf,revisar,revisar_manual,"Cruce automático desde inventario (backend_lookup, score 69.6) -> CONSTRUCLEANER RESTAURADOR FACHA ."
ficha_tecnica,CONSTRUCLEANER LIMPIADOR ECOLOGICO LADRILLO.pdf,LIMPIADOR DE JUNTAS.pdf,renombrar,"Cruce automático desde inventario (db:vw_inventario_agente, score 85.5) -> LIMPIADOR DE JUNTAS",construcleaner limpiador ecologico ladrillo,LIMPIADOR DE JUNTAS 650ML,51018920,CONSTRUCLEANER LIMPIADOR ECOLOGICO LADRILLO,CONSTRUCLEANER,validado_con_revision,db:vw_inventario_agente,85.5,CONSTRUCLEANER LIMPIADOR ECOLOGICO LADRILLO,LIMPIADOR DE JUNTAS.pdf,renombrar,validado_con_revision,"Cruce automático desde inventario (db:vw_inventario_agente, score 85.5) -> LIMPIADOR DE JUNTAS"
ficha_tecnica,CONSTRUCLEANER LADRILLO ROJO.pdf,CONSTRUCLEANER RINSE LADRILLO ROJ ..pdf,renombrar,"Cruce automático desde inventario (backend_lookup, score 90.2) -> CONSTRUCLEANER RINSE LADRILLO ROJ .",construcleaner ladrillo rojo,CONSTRUCLEANER RINSE LADRILLO ROJ 52.83G,10347881,CONSTRUCLEANER LADRILLO ROJO,CONSTRUCLEANER,validado_automatico,backend_lookup,90.2,CONSTRUCLEANER LADRILLO ROJO,CONSTRUCLEANER RINSE LADRILLO ROJ ..pdf,renombrar,validado_automatico,"Cruce automático desde inventario (backend_lookup, score 90.2) -> CONSTRUCLEANER RINSE LADRILLO ROJ ."
ficha_tecnica,CONSTRUCLEANER LADRILLO CLARO.pdf,CONSTRUCLEANER RINSE LADRILLO ROJ ..pdf,renombrar,"Cruce automático desde inventario (backend_lookup, score 88.5) -> CONSTRUCLEANER RINSE LADRILLO ROJ .",construcleaner ladrillo claro,CONSTRUCLEANER RINSE LADRILLO ROJ 52.83G,10347881,CONSTRUCLEANER LADRILLO CLARO,CONSTRUCLEANER,validado_con_revision,backend_lookup,88.46,CONSTRUCLEANER LADRILLO CLARO,CONSTRUCLEANER RINSE LADRILLO ROJ ..pdf,renombrar,validado_con_revision,"Cruce automático desde inventario (backend_lookup, score 88.5) -> CONSTRUCLEANER RINSE LADRILLO ROJ ."
ficha_tecnica,COLORANTE VOC.pdf,COLORANTE BAJO VOC.pdf,renombrar,"Cruce automático desde inventario (backend_lookup, score 100.0) -> COLORANTE BAJO VOC",colorante voc,PQ COLORANTE BAJO VOC AZUL 0.95L,5854977,COLORANTE VOC,,validado_automatico,backend_lookup,100.0,COLORANTE VOC,COLORANTE BAJO VOC.pdf,renombrar,validado_automatico,"Cruce automático desde inventario (backend_lookup, score 100.0) -> COLORANTE BAJO VOC"
ficha_tecnica,INTERGARD 2002.pdf,INTERGARD 2002 OIA046 BRILLANTE.pdf,renombrar,"Cruce automático desde inventario (db:vw_inventario_agente, score 90.0) -> INTERGARD 2002 OIA046 BRILLANTE",intergard 2002,"INTERGARD 2002 PARTE B OIA046/3,7 L/BR",F51060367,INTERGARD 2002,INTERNATIONAL,validado_automatico,db:vw_inventario_agente,90.0,INTERGARD 2002,INTERGARD 2002 OIA046 BRILLANTE.pdf,renombrar,validado_automatico,"Cruce automático desde inventario (db:vw_inventario_agente, score 90.0) -> INTERGARD 2002 OIA046 BRILLANTE"
ficha_tecnica,INTERLINE 850.pdf,INTERLINE.pdf,renombrar,"Cruce automático desde inventario (db:vw_inventario_agente, score 90.0) -> INTERLINE",interline 850,INTERLINE 850/859 TLA856/3.7L/AA7,5863696,INTERLINE 850,INTERNATIONAL,validado_automatico,db:vw_inventario_agente,90.0,INTERLINE 850,INTERLINE.pdf,renombrar,validado_automatico,"Cruce automático desde inventario (db:vw_inventario_agente, score 90.0) -> INTERLINE"
ficha_tecnica,INTERLINE 859.pdf,INTERLINE.pdf,renombrar,"Cruce automático desde inventario (backend_lookup, score 96.0) -> INTERLINE",interline 859,INTERLINE 850 TLA850/20L/AA7,5863695,INTERLINE 859,INTERNATIONAL,validado_automatico,backend_lookup,96.0,INTERLINE 859,INTERLINE.pdf,renombrar,validado_automatico,"Cruce automático desde inventario (backend_lookup, score 96.0) -> INTERLINE"
ficha_tecnica,INTERLINE 975P.pdf,INTERLINE 975P THA962 ..pdf,renombrar,"Cruce automático desde inventario (db:vw_inventario_agente, score 90.0) -> INTERLINE 975P THA962 .",interline 975p,INTERLINE 975P PARTE B THA962 1.5G,10397819,INTERLINE 975P,INTERNATIONAL,validado_automatico,db:vw_inventario_agente,90.0,INTERLINE 975P,INTERLINE 975P THA962 ..pdf,renombrar,validado_automatico,"Cruce automático desde inventario (db:vw_inventario_agente, score 90.0) -> INTERLINE 975P THA962 ."
ficha_tecnica,INTERSEAL 670HS.pdf,INTERSEAL 670 HS RAL7032 ..pdf,renombrar,"Cruce automático desde inventario (db:vw_inventario_agente, score 90.0) -> INTERSEAL 670 HS RAL7032 .",interseal 670 hs,INTERSEAL 670 HS RAL7032 PARTE A 4.25G,10354615,INTERSEAL 670 HS,INTERNATIONAL,validado_automatico,db:vw_inventario_agente,90.0,INTERSEAL 670 HS,INTERSEAL 670 HS RAL7032 ..pdf,renombrar,validado_automatico,"Cruce automático desde inventario (db:vw_inventario_agente, score 90.0) -> INTERSEAL 670 HS RAL7032 ."
ficha_tecnica,INTERSHIELD 300.pdf,INTERSHIELD 300 V ALUM ENA 2.5 G.pdf,renombrar,"Cruce automático desde inventario (db:vw_inventario_agente, score 90.0) -> INTERSHIELD 300 V ALUM ENA 2.5 G",intershield 300,INTERSHIELD 300 V ALUM PARTE A ENA 2.5 G,10337125,INTERSHIELD 300,INTERNATIONAL,validado_automatico,db:vw_inventario_agente,90.0,INTERSHIELD 300,INTERSHIELD 300 V ALUM ENA 2.5 G.pdf,renombrar,validado_automatico,"Cruce automático desde inventario (db:vw_inventario_agente, score 90.0) -> INTERSHIELD 300 V ALUM ENA 2.5 G"
ficha_tecnica,INTERTHANE 990.pdf,INTERTHANE 990 NARANJA RAL2003 P.A ..pdf,renombrar,"Cruce automático desde inventario (db:vw_inventario_agente, score 90.0) -> INTERTHANE 990 NARANJA RAL2003 P.A .",interthane 990,INTERTHANE 990 NARANJA RAL2003 P.A 4.29G,10252270,INTERTHANE 990,INTERNATIONAL,validado_automatico,db:vw_inventario_agente,90.0,INTERTHANE 990,INTERTHANE 990 NARANJA RAL2003 P.A ..pdf,renombrar,validado_automatico,"Cruce automático desde inventario (db:vw_inventario_agente, score 90.0) -> INTERTHANE 990 NARANJA RAL2003 P.A ."
ficha_tecnica,INTERTUF 262.pdf,INTERTUF 262 HAZE GREY.pdf,renombrar,"Cruce automático desde inventario (db:vw_inventario_agente, score 90.0) -> INTERTUF 262 HAZE GREY",intertuf 262,INTERTUF 262 HAZE GREY PARTE A 4G,10199221,INTERTUF 262,INTERNATIONAL,validado_automatico,db:vw_inventario_agente,90.0,INTERTUF 262,INTERTUF 262 HAZE GREY.pdf,renombrar,validado_automatico,"Cruce automático desde inventario (db:vw_inventario_agente, score 90.0) -> INTERTUF 262 HAZE GREY"
ficha_tecnica,INTERZINC 52.pdf,INTERZINC EPA175.pdf,renombrar,"Cruce automático desde inventario (db:vw_inventario_agente, score 90.0) -> INTERZINC EPA175",interzinc 52,INTERZINC 52 EPA175/20L/AA7,5891345,INTERZINC 52,INTERNATIONAL,validado_automatico,db:vw_inventario_agente,90.0,INTERZINC 52,INTERZINC EPA175.pdf,renombrar,validado_automatico,"Cruce automático desde inventario (db:vw_inventario_agente, score 90.0) -> INTERZINC EPA175"
ficha_tecnica,INTERZONE 954.pdf,INTERZONE 954 RAL1003.pdf,renombrar,"Cruce automático desde inventario (db:vw_inventario_agente, score 90.0) -> INTERZONE 954 RAL1003",interzone 954,INTERZONE 954 RAL1003 PARTE A 4G,10381093,INTERZONE 954,INTERNATIONAL,validado_automatico,db:vw_inventario_agente,90.0,INTERZONE 954,INTERZONE 954 RAL1003.pdf,renombrar,validado_automatico,"Cruce automático desde inventario (db:vw_inventario_agente, score 90.0) -> INTERZONE 954 RAL1003"
ficha_tecnica,MASTIC EPOXY [ES].pdf,MASTIC EPOXY 69A11A.pdf,renombrar,"Cruce automático desde inventario (db:vw_inventario_agente, score 90.0) -> MASTIC EPOXY 69A11A",mastic epoxy,MASTIC EPOXY 69A11A/20L/AA7,5892345,MASTIC EPOXY,,validado_automatico,db:vw_inventario_agente,90.0,MASTIC EPOXY,MASTIC EPOXY 69A11A.pdf,renombrar,validado_automatico,"Cruce automático desde inventario (db:vw_inventario_agente, score 90.0) -> MASTIC EPOXY 69A11A"
ficha_tecnica,THINNER PARA ACRILICAS 21018.pdf,THINNER BOTELLA.pdf,renombrar,"Cruce automático desde inventario (db:vw_inventario_agente, score 85.5) -> THINNER BOTELLA",thinner para acrilicas 21018,THINNER 1 BOTELLA,51003497,THINNER PARA ACRILICAS 21018,,validado_con_revision,db:vw_inventario_agente,85.5,THINNER PARA ACRILICAS 21018,THINNER BOTELLA.pdf,renombrar,validado_con_revision,"Cruce automático desde inventario (db:vw_inventario_agente, score 85.5) -> THINNER BOTELLA"
ficha_tecnica,THINNER PARA POLIURETANO 21050.pdf,THINNER POLIURETANO BTL.pdf,renombrar,"Cruce automático desde inventario (db:vw_inventario_agente, score 86.0) -> THINNER POLIURETANO BTL",thinner para poliuretano 21050,THINNER POLIURETANO BTL,51000848,THINNER PARA POLIURETANO 21050,,validado_con_revision,db:vw_inventario_agente,85.95,THINNER PARA POLIURETANO 21050,THINNER POLIURETANO BTL.pdf,renombrar,validado_con_revision,"Cruce automático desde inventario (db:vw_inventario_agente, score 86.0) -> THINNER POLIURETANO BTL"
ficha_tecnica,ZINC PRIMER 10844 UDA850-10845 UDA851 [ES].pdf,ZINC PRIMER.pdf,renombrar,"Cruce automático desde inventario (backend_lookup, score 87.8) -> ZINC PRIMER",zinc primer 10844 10845,ZINC PRIMER 10844 UDA850/20L/AA7,5891071,ZINC PRIMER 10844-10845,,validado_con_revision,backend_lookup,87.8,ZINC PRIMER 10844 10845,ZINC PRIMER.pdf,renombrar,validado_con_revision,"Cruce automático desde inventario (backend_lookup, score 87.8) -> ZINC PRIMER"
fds,FDS - ACROLATEX 50 TEXACRYL 3508.pdf,FDS - ACROLATEX 50 TEXACRYL 3508.pdf,separar_tipo_documental,Las FDS/HDS no deben entrar como ficha técnica principal,acrolatex 50 texacryl 3508,PQ ACROLATEX 50 3508 4K,5891003,ACROLATEX 50,,no_reingestar_como_ficha,db:vw_inventario_agente,90.0,ACROLATEX 50,ACROLATEX 3508 4K.pdf,separar_tipo_documental,no_reingestar_como_ficha,"Cruce automático desde inventario (db:vw_inventario_agente, score 90.0) -> ACROLATEX 3508 4K"
fds,FDS - ALTAS TEMPERATURAS ROJO AEROCOLOR 300 ML.pdf,FDS - ALTAS TEMPERATURAS ROJO AEROCOLOR 300 ML.pdf,separar_tipo_documental,Es FDS; mantener separada del corpus principal,altas temperaturas rojo aerocolor 300 ml,AEROCOLOR BASE GRIS 300ML,10283241,ALTAS TEMPERATURAS AEROCOLOR,,no_reingestar_como_ficha,db:vw_inventario_agente,85.5,ALTAS TEMPERATURAS ROJO AEROCOLOR 300 ML,AEROCOLOR BASE.pdf,separar_tipo_documental,no_reingestar_como_ficha,"Cruce automático desde inventario (db:vw_inventario_agente, score 85.5) -> AEROCOLOR BASE"
fds,FDS - KORAZA BLANCO 2650.pdf,FDS - KORAZA BLANCO 2650.pdf,separar_tipo_documental,Es FDS color-específica; no usar como nombre maestro,koraza blanco 2650,KORAZA BLANCO 2650 1.2G,10346307,KORAZA,,no_reingestar_como_ficha,db:vw_inventario_agente,95.0,KORAZA BLANCO 2650,KORAZA BLANCO 2650 ..pdf,separar_tipo_documental,no_reingestar_como_ficha,"Cruce automático desde inventario (db:vw_inventario_agente, score 95.0) -> KORAZA BLANCO 2650 ."
fds,FDS - AJUSTADOR AROMATICO 21204.pdf,FDS - AJUSTADOR AROMATICO 21204.pdf,separar_tipo_documental,Es FDS; dejarla en carpeta documental separada,ajustador aromatico 21204,PAGUE 2G PINTUTRAFIC 653 GTIS 1G 21204,10398146,AJUSTADOR AROMATICO 21204,,no_reingestar_como_ficha,db:vw_inventario_agente,85.5,AJUSTADOR AROMATICO 21204,PAGUE PINTUTRAFIC 653 GTIS.pdf,separar_tipo_documental,no_reingestar_como_ficha,"Cruce automático desde inventario (db:vw_inventario_agente, score 85.5) -> PAGUE PINTUTRAFIC 653 GTIS"
fds,FDS - INTERTHANE 990 CAT B.pdf,FDS - INTERTHANE 990 CAT B.pdf,separar_tipo_documental,Catalizador y FDS deben vivir aparte de la ficha maestra,interthane 990 cat b,INTERTHANE 990 NARANJA RAL2003 P.A 4.29G,10252270,INTERTHANE 990,INTERNATIONAL,no_reingestar_como_ficha,db:vw_inventario_agente,90.0,INTERTHANE 990,INTERTHANE 990 NARANJA RAL2003 P.A ..pdf,separar_tipo_documental,no_reingestar_como_ficha,"Cruce automático desde inventario (db:vw_inventario_agente, score 90.0) -> INTERTHANE 990 NARANJA RAL2003 P.A ."
fds,FDS - INTERSEAL 670 HS PARTE A BLANCO.pdf,FDS - INTERSEAL 670 HS PARTE A BLANCO.pdf,separar_tipo_documental,Documento de seguridad variante-específico; no es ficha principal,interseal 670 hs parte a blanco,INTERSEAL 670 HS RAL7032 PARTE A 4.25G,10354615,INTERSEAL 670 HS,INTERNATIONAL,no_reingestar_como_ficha,db:vw_inventario_agente,90.0,INTERSEAL 670 HS,INTERSEAL 670 HS RAL7032 ..pdf,separar_tipo_documental,no_reingestar_como_ficha,"Cruce automático desde inventario (db:vw_inventario_agente, score 90.0) -> INTERSEAL 670 HS RAL7032 ."
fds,FDS - PINTUCOAT PLUS GRIS.pdf,FDS - PINTUCOAT PLUS GRIS.pdf,separar_tipo_documental,Es FDS y además variante de color; no mezclar con ficha principal,pintucoat plus gris,KIT PINTUCOAT PLUS A.S BLANC 1G Y CAT 1G,20003771,PINTUCOAT PLUS,PINTUCO,no_reingestar_como_ficha,db:vw_inventario_agente,90.0,PINTUCOAT PLUS,KIT PINTUCOAT PLUS A.S BLANC Y CAT.pdf,separar_tipo_documental,no_reingestar_como_ficha,"Match encontrado en inventario (db:vw_inventario_agente, score 90.0), pero la propuesta automática parece demasiado SKU-específica o dudosa; revisar manualmente"
fds,FDS - PINTULACA BLANCO 7519.pdf,FDS - PINTULACA BLANCO 7519.pdf,separar_tipo_documental,Documento de seguridad separado,pintulaca blanco 7519,MEG PINTULACA BLANCO 7519 AC 3.78L,5890956,PINTULACA,PINTUCO,no_reingestar_como_ficha,db:vw_inventario_agente,90.0,PINTULACA BLANCO 7519,MEG PINTULACA BLANCO 7519 AC.pdf,separar_tipo_documental,no_reingestar_como_ficha,"Cruce automático desde inventario (db:vw_inventario_agente, score 90.0) -> MEG PINTULACA BLANCO 7519 AC"
fds,FDS - VINILTEX ADVANCED BASE DEEP BLANCO 117176.pdf,FDS - VINILTEX ADVANCED BASE DEEP BLANCO 117176.pdf,separar_tipo_documental,Es FDS variante-específica; la ficha principal debe quedar por familia,viniltex advanced base deep blanco 117176,PQ VINILTEX ADVANCED GEN DEEP 18.93L,5894146,VINILTEX ADVANCED,PINTUCO,no_reingestar_como_ficha,db:vw_inventario_agente,90.0,VINILTEX ADVANCED,VINILTEX ADVANCED GEN DEEP.pdf,separar_tipo_documental,no_reingestar_como_ficha,"Cruce automático desde inventario (db:vw_inventario_agente, score 90.0) -> VINILTEX ADVANCED GEN DEEP"
fds,FDS - AQUABLOCK ULTRA 27070.pdf,FDS - AQUABLOCK ULTRA 27070.pdf,separar_tipo_documental,Es FDS; conservar separada,aquablock ultra 27070,AQUABLOCK ULTRA 27070 BLANCO GL 10 DCTO,10395469,AQUABLOCK ULTRA,PINTUCO,no_reingestar_como_ficha,db:vw_inventario_agente,90.0,AQUABLOCK ULTRA 27070,AQUABLOCK ULTRA 27070 BLANCO GL DCTO.pdf,separar_tipo_documental,no_reingestar_como_ficha,"Cruce automático desde inventario (db:vw_inventario_agente, score 90.0) -> AQUABLOCK ULTRA 27070 BLANCO GL DCTO"
hds,HOJA DE SEGURIDAD PINTUCOAT PLUS.pdf,HOJA DE SEGURIDAD PINTUCOAT PLUS.pdf,separar_tipo_documental,Es hoja de seguridad; no reingestar como ficha principal,pintucoat plus,KIT PINTUCOAT PLUS A.S BLANC 1G Y CAT 1G,20003771,PINTUCOAT PLUS,PINTUCO,no_reingestar_como_ficha,db:vw_inventario_agente,90.0,PINTUCOAT PLUS,KIT PINTUCOAT PLUS A.S BLANC Y CAT.pdf,separar_tipo_documental,no_reingestar_como_ficha,"Match encontrado en inventario (db:vw_inventario_agente, score 90.0), pero la propuesta automática parece demasiado SKU-específica o dudosa; revisar manualmente"
hds,HOJA DE SEGURIDAD REVOQUE PLASTICO PROFESIONAL BLANCO 17091.pdf,HOJA DE SEGURIDAD REVOQUE PLASTICO PROFESIONAL BLANCO 17091.pdf,separar_tipo_documental,Es hoja de seguridad color/variante-específica; mantener aparte,revoque plastico profesional blanco 17091,ACRIL MURALLA BLANCO 5G,10016520,REVOQUE PLASTICO PROFESIONAL,,no_reingestar_como_ficha,db:vw_inventario_agente,85.5,REVOQUE PLASTICO PROFESIONAL BLANCO 17091,ACRIL MURALLA.pdf,separar_tipo_documental,no_reingestar_como_ficha,"Cruce automático desde inventario (db:vw_inventario_agente, score 85.5) -> ACRIL MURALLA"
hds,HOJA DE SEGURIDAD VINILTEX PRO 450.pdf,HOJA DE SEGURIDAD VINILTEX PRO 450.pdf,separar_tipo_documental,Es hoja de seguridad; no usar como ficha principal,viniltex pro 450,P7 VINILTEX PRO 450 MAT BLAN 1601 18.93L,5891877,VINILTEX PRO 450,PINTUCO,no_reingestar_como_ficha,db:vw_inventario_agente,90.0,VINILTEX PRO 450,VINILTEX PRO 450 MATE.pdf,separar_tipo_documental,no_reingestar_como_ficha,"Cruce automático desde inventario (db:vw_inventario_agente, score 90.0) -> VINILTEX PRO 450 MATE"
hds,HOJA DE SEGURIDAD THINNER DISTRI QUIMICOS.pdf,HOJA DE SEGURIDAD THINNER DISTRI QUIMICOS.pdf,separar_tipo_documental,Es hoja de seguridad; mantener fuera del corpus principal,thinner distri quimicos,INTERNATIONAL THINNER GTA415/20L/AA7,5863702,THINNER DISTRI QUIMICOS,,no_reingestar_como_ficha,db:vw_inventario_agente,85.5,THINNER DISTRI QUIMICOS,INTERNATIONAL THINNER.pdf,separar_tipo_documental,no_reingestar_como_ficha,"Cruce automático desde inventario (db:vw_inventario_agente, score 85.5) -> INTERNATIONAL THINNER"
certificado,CARTA GARANTIA GRANIACRYL.pdf,CARTA GARANTIA GRANIACRYL.pdf,separar_tipo_documental,Las garantías/certificados van aparte del corpus de fichas,graniacryl,GRANIACRYL PREMIUM 176TX-8A 4 GL 30 KG,10255643,GRANIACRYL,,no_reingestar_como_ficha,db:vw_inventario_agente,90.0,GRANIACRYL,GRANIACRYL PREMIUM 176TX 8A.pdf,separar_tipo_documental,no_reingestar_como_ficha,"Cruce automático desde inventario (db:vw_inventario_agente, score 90.0) -> GRANIACRYL PREMIUM 176TX 8A"
certificado,CERTIFICADO ANÁLISIS C-THERM Boletin OC 144826 (2).pdf,CERTIFICADO ANALISIS C-THERM BOLETIN OC 144826.pdf,separar_tipo_documental,Es certificado y además trae ruido de duplicado; no es ficha principal,c-therm boletin oc 144826,CTHERM ENAMEL W 940 BLANCO 5G,10352531,C-THERM,,no_reingestar_como_ficha,backend_lookup,92.31,C THERM,CTHERM ENAMEL W.pdf,separar_tipo_documental,no_reingestar_como_ficha,"Cruce automático desde inventario (backend_lookup, score 92.3) -> CTHERM ENAMEL W"
guia,GUIA-Sistemas Mantenimiento Industria_Sep2025 (2).pdf,GUIA SISTEMAS MANTENIMIENTO INDUSTRIA SEP2025.pdf,separar_tipo_documental,"Es guía o material de apoyo, no ficha técnica primaria",sistemas mantenimiento industria sep2025,INDUSTRIA Y COMERCIO,52150501,GUIA SISTEMAS MANTENIMIENTO INDUSTRIA,,no_reingestar_como_ficha,db:vw_inventario_agente,85.5,SISTEMAS MANTENIMIENTO INDUSTRIA SEP2025,INDUSTRIA Y COMERCIO.pdf,separar_tipo_documental,no_reingestar_como_ficha,"Cruce automático desde inventario (db:vw_inventario_agente, score 85.5) -> INDUSTRIA Y COMERCIO"
