product_name,page_url,technical_sheet_url,buy_url,calculator_url,summary_public,finish,recommended_use,surface_targets,benefit_tags,application_methods,related_products,coverage_ranges,drying_times,dilution_hints,presentations,inventory_match_name,inventory_match_ref,inventory_match_score,inventory_match_source,canonical_family_from_inventory,decision,decision_note
Esmalte Pintulux 3 en 1 Mate,https://www.pintuco.com.co/productos/esmalte-pintulux-3-en-1-mate/,https://www.pintuco.com.co/download/48692/?tmstv=1672344796,https://tienda.pintuco.com/,,"Pintulux 3 en 1 Mate es un esmalte alquídico que evita lijar en superficies con oxidación leve, contiene anticorrosivo y da un hermoso acabado mate.",,"Pintulux 3 en 1 Mate es un esmalte alquídico que evita lijar en superficies con oxidación leve, contiene anticorrosivo y da un hermoso acabado mate.",metal | exterior,anticorrosivo | durabilidad,,pintulux,,,,galón,CINTA TESA 1,51003275,85.5,db:vw_inventario_agente,CINTA TESA,rechazado,El match contra inventario parece kit/accesorio/promoción o basura comercial
Pintura Corrotec Aqua,https://www.pintuco.com.co/productos/pintura-corrotec-aqua/,https://www.pintuco.com.co/download/86538/?tmstv=1721231597,https://tienda.pintuco.com/,https://pintuco.com.co/calculadora-de-pintura/?section=vinilos-decorativos&&name_product=Pintura Corrotec Aqua,"Pintura Corrotec Aqua es una base preparadora anticorrosiva ecológica de metales ferrosos que utiliza agua como solvente para diluir lo que hace que tenga un secado más rápido, se recomienda como primera capa, ideal cuidar la salud en el hogar, por su bajo olor y bajo VOC, sirve para mejorar la resistencia y durabilida",,"Pintura Corrotec Aqua es una base preparadora anticorrosiva ecológica de metales ferrosos que utiliza agua como solvente para diluir lo que hace que tenga un secado más rápido, se recomienda como primera capa, ideal cuidar la salud en el hogar, por su bajo olor y bajo VOC, sirve para mejorar la resistencia y durabilida",metal | madera | interior | exterior,anticorrosivo | rapido_secado | durabilidad,,corrotec,,,Contiene instrucciones de dilución en la página pública,1/4 galón | galon | galón,BROCHA AQUA PRO MADERA 2 PULG PINTUCO,6448789,85.5,db:vw_inventario_agente,BROCHA AQUA PRO MADERA PULG PINTUCO,rechazado,El match contra inventario parece kit/accesorio/promoción o basura comercial
Pintura Corrotec Anticorrosivo Premium,https://www.pintuco.com.co/productos/pintura-corrotec-anticorrosivo-premium/,https://www.pintuco.com.co/download/48974/?tmstv=1721241663,https://tienda.pintuco.com/,https://pintuco.com.co/calculadora-de-pintura/?section=vinilos-decorativos&&name_product=Pintura Corrotec Anticorrosivo Premium,Pintura Corrotec Anticorrosivo Premium es una pintura anticorrosiva base solvente y de acabado mate.,,Pintura Corrotec Anticorrosivo Premium es una pintura anticorrosiva base solvente y de acabado mate.,metal | exterior,anticorrosivo | durabilidad,,corrotec,,,,1/4 galón | galon | galón,PINTURA VARIOS,56252453,85.5,db:vw_inventario_agente,PINTURA VARIOS,rechazado,El match contra inventario parece kit/accesorio/promoción o basura comercial
Corrotec Aluminio ECP-100,https://www.pintuco.com.co/productos/corrotec-aluminio-ecp-100/,https://www.pintuco.com.co/download/51439/?tmstv=1672344806,https://tienda.pintuco.com/,,"Aluminio Líquido Extrareflectivo Brillante ECP 100 es un recubrimiento a base de resinas alquídicas que proporciona un acabado de aluminio brillante con un alto poder reflectivo, fácil aplicación, buena adherencia y cubrimiento; es resistente a la intemperie y a temperaturas máximas de 260°C en seco (No es apto para us",,"Aluminio Líquido Extrareflectivo Brillante ECP 100 es un recubrimiento a base de resinas alquídicas que proporciona un acabado de aluminio brillante con un alto poder reflectivo, fácil aplicación, buena adherencia y cubrimiento; es resistente a la intemperie y a temperaturas máximas de 260°C en seco (No es apto para us",metal | exterior,alto_cubrimiento | durabilidad,,,,,,galón,CORROTEC P. EPOX 50RS GRIS 1G Y CAT 1G,10703066,85.5,db:vw_inventario_agente,CORROTEC P. EPOX 50RS GRIS Y CAT,rechazado,El match contra inventario parece kit/accesorio/promoción o basura comercial
Intersleek 1100SR,https://www.pintuco.com.co/productos/intersleek-1100sr/,https://marinecoatings.brand.akzonobel.com/m/74c8db4264c4c6c2/original/Intershield_7100LWT_spa_A4_20170117.pdf,https://tienda.pintuco.com/,https://pintuco.com.co/calculadora-de-pintura/?section=vinilos-decorativos&&name_product=Intersleek 1100SR,,,,,,,,,,,,INTERSLEEK 1100SR PARTE C 0.42G,10367537,90.0,db:vw_inventario_agente,INTERSLEEK 1100SR PARTE C .,rechazado,El match contra inventario parece kit/accesorio/promoción o basura comercial
Intersleek 731,https://www.pintuco.com.co/productos/intersleek-731/,https://marinecoatings.brand.akzonobel.com/m/3620090548322fbb/original/Intersleek_731_spa_usa_A4_20161118.pdf,https://tienda.pintuco.com/,https://pintuco.com.co/calculadora-de-pintura/?section=vinilos-decorativos&&name_product=Intersleek 731,Intermedio elastomérico de silicón de dos componentes.,,Intermedio elastomérico de silicón de dos componentes.,,,,,,,,,INTERSLEEK 731 PARTE B 1G,10367539,90.0,db:vw_inventario_agente,INTERSLEEK,rechazado,El match contra inventario parece kit/accesorio/promoción o basura comercial
Polibrid 705E,https://www.pintuco.com.co/productos/polibrid-705e/,https://international.brand.akzonobel.com/m/34074909b235f3ad/original/Polibrid_705E_spa_A4_20230210.pdf,https://tienda.pintuco.com/,https://pintuco.com.co/calculadora-de-pintura/?section=vinilos-decorativos&&name_product=Polibrid 705E,"Polibrid 705E es un revestimiento flexible de alto espesor diseñado para proteger el hormigón y el acero en entornos químicos, de abrasión y de alto impacto, ideal para encapsular remaches, pernos, bordes y otras imperfecciones de la superficie.",,"Polibrid 705E es un revestimiento flexible de alto espesor diseñado para proteger el hormigón y el acero en entornos químicos, de abrasión y de alto impacto, ideal para encapsular remaches, pernos, bordes y otras imperfecciones de la superficie.",metal,,,,,,,,POLIBRID 705 TAN PARTE A - PEA046/50GL T,10289692,96.0,backend_lookup,POLIBRID 705 TAN PEA046 T,rechazado,El match contra inventario parece kit/accesorio/promoción o basura comercial
Interline 975P,https://www.pintuco.com.co/productos/interline-975p/,https://international.brand.akzonobel.com/m/617498615a28565c/original/Interline_975P_spa_usa_LTR_20230117.pdf,https://tienda.pintuco.com/,https://pintuco.com.co/calculadora-de-pintura/?section=vinilos-decorativos&&name_product=Interline 975P,"Para aplicación en interior de tanques de acero ofreciendo resistencia a la corrosión para un amplio rango de cargas, incluyendo Petróleo crudo, derivados claros del petróleo y agua potable.",,"Para aplicación en interior de tanques de acero ofreciendo resistencia a la corrosión para un amplio rango de cargas, incluyendo Petróleo crudo, derivados claros del petróleo y agua potable.",metal | interior,anticorrosivo,,,,,,,INTERLINE 975P PARTE B THA962 1.5G,10397819,90.0,db:vw_inventario_agente,INTERLINE 975P THA962 .,rechazado,El match contra inventario parece kit/accesorio/promoción o basura comercial
Interplate 855,https://www.pintuco.com.co/productos/interplate-855/,https://international.brand.akzonobel.com/m/1c6c580f48e9e430/original/Interplate_855_spa_A4_20170313.pdf,https://tienda.pintuco.com/,https://pintuco.com.co/calculadora-de-pintura/?section=vinilos-decorativos&&name_product=Interplate 855,Como imprimación temporal protectora del recubrimiento del acero antes del proceso de fabricación.,,Como imprimación temporal protectora del recubrimiento del acero antes del proceso de fabricación.,metal,alto_cubrimiento,,,,,,,INTERPLATE 937 GRIS PARTE A 1.88 GAL,10336788,88.0,backend_lookup,INTERPLATE 937 GRIS 1.88 GAL,rechazado,El match contra inventario parece kit/accesorio/promoción o basura comercial
Intergard 269,https://www.pintuco.com.co/productos/intergard-269/,https://international.brand.akzonobel.com/m/a0e0d699998cdea/original/Intergard_269_spa_A4_20231208.pdf,https://tienda.pintuco.com/,https://pintuco.com.co/calculadora-de-pintura/?section=vinilos-decorativos&&name_product=Intergard 269,"Como imprimación para mantenimiento de chorro apta para su uso en condiciones sumergidas y ambientales, y repintable por una amplia gama de sistemas de alto rendimiento.",,"Como imprimación para mantenimiento de chorro apta para su uso en condiciones sumergidas y ambientales, y repintable por una amplia gama de sistemas de alto rendimiento.",metal,,,,,,,,INTERGARD 269 PARTE A ROJO EGA088/5 4G,10128241,90.0,db:vw_inventario_agente,INTERGARD,rechazado,El match contra inventario parece kit/accesorio/promoción o basura comercial
Interline 925,https://www.pintuco.com.co/productos/interline-925/,https://international.brand.akzonobel.com/m/7af556fc2821540b/original/Interline_925_spa_A4_20201217.pdf,https://tienda.pintuco.com/,https://pintuco.com.co/calculadora-de-pintura/?section=vinilos-decorativos&&name_product=Interline 925,,,,,,,,,,,,F KIT INTERLINE 925 PARTE A BLANCO 10128,F51020100,90.0,db:vw_inventario_agente,F KIT INTERLINE,rechazado,El match contra inventario parece kit/accesorio/promoción o basura comercial
Enviroline 2405,https://www.pintuco.com.co/productos/enviroline-2405/,https://international.brand.akzonobel.com/m/5cbcf24ab5092897/original/Enviroline_2405_spa_usa_LTR_20231019.pdf,https://tienda.pintuco.com/,https://pintuco.com.co/calculadora-de-pintura/?section=vinilos-decorativos&&name_product=Enviroline 2405,"Un sistema de revestimiento bi-componente de alto contenido en sólidos que utiliza tecnología epóxica avanzada, diseñado para su aplicación con una sola bomba.",,"Un sistema de revestimiento bi-componente de alto contenido en sólidos que utiliza tecnología epóxica avanzada, diseñado para su aplicación con una sola bomba.",exterior,,,,,,,,IP COLORANTE HS MAGENTA PR122 GVA912 1G,10392405,42.86,backend_lookup,IP COLORANTE HS MAGENTA PR122 GVA912,rechazado,Match de inventario demasiado débil
Interbond 1202UPC,https://www.pintuco.com.co/productos/interbond-1202upc/,https://international.brand.akzonobel.com/m/386d0d545b0c2fa4/original/Interbond_1202UPC_spa_usa_LTR_20210907.pdf,https://tienda.pintuco.com/,https://pintuco.com.co/calculadora-de-pintura/?section=vinilos-decorativos&&name_product=Interbond 1202UPC,,,,,,,,,,,,KIT INTERBOND 1202UPC MET GREY 3.3G+.07G,10346873,90.0,db:vw_inventario_agente,KIT INTERBOND 1202UPC MET GREY . +.,rechazado,El match contra inventario parece kit/accesorio/promoción o basura comercial
Esmalte Pintulux 3 en 1 Forja,https://www.pintuco.com.co/productos/pintulux-3-en-1-forja/,https://www.pintuco.com.co/download/60402/?tmstv=1672344815,https://tienda.pintuco.com/,https://pintuco.com.co/calculadora-de-pintura/?section=vinilos-decorativos&&name_product=Esmalte Pintulux 3 en 1 Forja,"Pintulux 3 en 1 Forja es un esmalte Premium base solvente de fácil aplicación, para superficies de metal y madera, ideal para ahorrar tiempo y dinero gracias a su fórmula triple acción con anticorrosivo que prepara, protege y decora con un acabado rústico tipo hierro forjado en un solo paso.",,"Pintulux 3 en 1 Forja es un esmalte Premium base solvente de fácil aplicación, para superficies de metal y madera, ideal para ahorrar tiempo y dinero gracias a su fórmula triple acción con anticorrosivo que prepara, protege y decora con un acabado rústico tipo hierro forjado en un solo paso.",metal | madera | exterior,anticorrosivo | durabilidad,,pintulux,,,,1/4 galón | galón,CINTA TESA 1,51003275,85.5,db:vw_inventario_agente,CINTA TESA,rechazado,El match contra inventario parece kit/accesorio/promoción o basura comercial
Imprimante acrílico Imprimax,https://www.pintuco.com.co/productos/imprimante-acrilico-imprimax/,https://www.pintuco.com.co/download/64398/?tmstv=1672344833,https://tienda.pintuco.com/,,lmprimax es un recubrimiento l 00% acrílico base agua de alta penetración en el sustrato y con excelente poder sellante.,,lmprimax es un recubrimiento l 00% acrílico base agua de alta penetración en el sustrato y con excelente poder sellante.,,alto_cubrimiento,,,,,00% acrílico base agua de alta penetración en el sustrato y con excelente poder sellante,galón | 5 galones,MEG PRIMER PARA PLASTICOS 28600 AC 0.94L,5891273,51.85,backend_lookup,MEG PRIMER PARA PLASTICOS 28600 AC,rechazado,Match de inventario demasiado débil
Cinta sellagoteras,https://www.pintuco.com.co/productos/cinta-sellagoteras/,https://www.pintuco.com.co/download/50914/?tmstv=1736354789,https://tienda.pintuco.com/,,Cinta Sellagoteras asfáltica autoadhesiva y de fácil instalación para impermeabilización y reparación de todo tipo de superficies expuestas o no a la intemperie.,,Cinta Sellagoteras asfáltica autoadhesiva y de fácil instalación para impermeabilización y reparación de todo tipo de superficies expuestas o no a la intemperie.,metal | exterior,impermeable | durabilidad,,,,,,,KIT NI 10X11 SELLAGOTERAS CINTA 10CMX10M,20019946,100.0,backend_lookup,KIT NI 10X11 SELLAGOTERAS CINTA 10CMX10M,rechazado,El match contra inventario parece kit/accesorio/promoción o basura comercial
Aditivos NM59/NM60/NM99,https://www.pintuco.com.co/productos/aditivos-nm59-nm60-nm99/,https://www.pintuco.com.co/download/51844/?tmstv=1672344813,https://tienda.pintuco.com/,,Sistema de color poliéster de altos sólidos con tecnología anti sedimentación.,,Sistema de color poliéster de altos sólidos con tecnología anti sedimentación.,exterior,alto_cubrimiento,,,,,,,MEG NM60 ESTABILIZADOR AC 1L,5864284,39.22,backend_lookup,MEG NM60 ESTABILIZADOR AC,rechazado,Match de inventario demasiado débil
Aditivos MG32A1/MG32A2/MG32A3,https://www.pintuco.com.co/productos/aditivos-mg32a1-mg32a2-mg32a3/,https://www.pintuco.com.co/download/51846/?tmstv=1672344813,https://tienda.pintuco.com/,,"Aditivos MG32A1/MG32A2/MG32A3 hace parte del sistema de color Mega Basecoat poliéster, ideales para la igualación o entonación de colores automotrices, que cuenta con un compacto portafolio comprendido en 30 Tintas sólidas 10 Aluminios 17 Perlas 3 Aditivos",,"Aditivos MG32A1/MG32A2/MG32A3 hace parte del sistema de color Mega Basecoat poliéster, ideales para la igualación o entonación de colores automotrices, que cuenta con un compacto portafolio comprendido en 30 Tintas sólidas 10 Aluminios 17 Perlas 3 Aditivos",metal | exterior,,,,,,,1/4 galón | galón,MEG BC MG32A3 TRANS MEZCLA AC 3.78L,5864457,39.13,backend_lookup,MEG BC MG32A3 TRANS MEZCLA AC,rechazado,Match de inventario demasiado débil
Perlas crystal mega basecoat,https://www.pintuco.com.co/productos/perlas-crystal-mega-basecoat/,https://www.pintuco.com.co/download/51850/?tmstv=1672344813,https://tienda.pintuco.com/,,"Sistema de color Mega Basecoat poliéster, ideales para la igualación o entonación de colores automotrices, que cuenta con un compacto portafolio comprendido en: 30 Tintas sólidas 10 Aluminio 17 Perlas 3 Aditivos",,"Sistema de color Mega Basecoat poliéster, ideales para la igualación o entonación de colores automotrices, que cuenta con un compacto portafolio comprendido en: 30 Tintas sólidas 10 Aluminio 17 Perlas 3 Aditivos",metal | exterior,,,,,,,1/4 galón | galón,CERRADURA MEGA BLACK DERECHA,F51019728,59.57,backend_lookup,CERRADURA MEGA BLACK DERECHA,rechazado,Match de inventario demasiado débil
Perlas Convencionales Mega Basecoat,https://www.pintuco.com.co/productos/perlas-convencionales-mega-basecoat/,https://www.pintuco.com.co/download/51856/?tmstv=1672344814,https://tienda.pintuco.com/,,"Perlas convencionales mega basecoat hace parte del Sistema de color Mega Basecoat poliéster, ideales para la igualación o entonación de colores automotrices, que cuenta con un compacto portafolio comprendido en 30 Tintas sólidas 10 Aluminios 17 Perlas 3 Aditivos",,"Perlas convencionales mega basecoat hace parte del Sistema de color Mega Basecoat poliéster, ideales para la igualación o entonación de colores automotrices, que cuenta con un compacto portafolio comprendido en 30 Tintas sólidas 10 Aluminios 17 Perlas 3 Aditivos",metal | exterior,,,,,,,1/4 galón | galón,CERRADURA MEGA BLACK DERECHA,F51019728,54.55,backend_lookup,CERRADURA MEGA BLACK DERECHA,rechazado,Match de inventario demasiado débil
Perlas convencionales NM500,https://www.pintuco.com.co/productos/perlas-convencionales-nm500/,https://www.pintuco.com.co/download/51854/?tmstv=1672344813,https://tienda.pintuco.com/,,Perlas convencionales NM500 hace parte del sistema de color poliéster de altos sólidos con tecnología anti-sedimentación.,,Perlas convencionales NM500 hace parte del sistema de color poliéster de altos sólidos con tecnología anti-sedimentación.,exterior,alto_cubrimiento,,,,,,,CARTA DE COLOR ENSAMBLADORA NM500,10398473,52.83,backend_lookup,CARTA DE COLOR ENSAMBLADORA NM500,rechazado,Match de inventario demasiado débil
Intershield 417,https://www.pintuco.com.co/productos/intershield-417/,https://marinecoatings.brand.akzonobel.com/m/7bcbfeb824dc0ad2/original/Intershield_417_eng_A4_20150204.pdf,https://tienda.pintuco.com/,,"Intershield® 417 es un revestimiento antideslizante de alto espesor en dos componentes de resina epoxi, aplicado en una sola capa.",,"Intershield® 417 es un revestimiento antideslizante de alto espesor en dos componentes de resina epoxi, aplicado en una sola capa.",exterior,,,,,,,,INTERSHIELD 300 V PARTE B ENA313/5G 2.5G,10337127,88.89,backend_lookup,INTERSHIELD 300 V ENA313 .,rechazado,El match contra inventario parece kit/accesorio/promoción o basura comercial
Pintura horneable poliéster blanco almendra 24868,https://www.pintuco.com.co/productos/pintura-horneable-poliester-blanco-almendra-24868/,https://www.pintuco.com.co/download/51648/?tmstv=1672344809,https://tienda.pintuco.com/,,"Pintura horneable poliéster blanco almendra 24868 es un producto tipo poliéster, diseñado como acabado para superficies metálicas en líneas coil coating.",,"Pintura horneable poliéster blanco almendra 24868 es un producto tipo poliéster, diseñado como acabado para superficies metálicas en líneas coil coating.",metal,,,,,,,,F KIT PROMO PINTUCOAT BLANCO A+B,F51019942,85.5,db:vw_inventario_agente,F KIT PROMO PINTUCOAT BLANCO A+B,rechazado,El match contra inventario parece kit/accesorio/promoción o basura comercial
Pintura horneable primer poliéster amarillo Verdoso cr 16531,https://www.pintuco.com.co/productos/pintura-horneable-primer-poliester-amarillo-verdoso-cr-16531/,https://www.pintuco.com.co/download/51514/?tmstv=1728073201,https://tienda.pintuco.com/,,"Pintura horneable primer poliéster amarillo Verdoso cr 16531 es un primer amarillo verdoso tipo poliéster, diseñado como base para superficies metálicas en líneas coil coating.",,"Pintura horneable primer poliéster amarillo Verdoso cr 16531 es un primer amarillo verdoso tipo poliéster, diseñado como base para superficies metálicas en líneas coil coating.",metal,,,,,,,,KIT CEILCOTE 680 PRIMER COMPOSITE 4G,10353183,85.5,db:vw_inventario_agente,KIT CEILCOTE 680 PRIMER COMPOSITE,rechazado,El match contra inventario parece kit/accesorio/promoción o basura comercial
Barniz procesable incoloro 81282,https://www.pintuco.com.co/productos/barniz-procesable-incoloro-81282/,https://www.pintuco.com.co/download/51277/?tmstv=1672344803,https://tienda.pintuco.com/,,"Barniz procesable incoloro 81282 es un barniz incoloro tipo poliéster, diseñado para productos procesables y de alta troquelabilidad, conservando un excelente desempeño y acabado sobre el sustrato directamente o sobreimpresión.",,"Barniz procesable incoloro 81282 es un barniz incoloro tipo poliéster, diseñado para productos procesables y de alta troquelabilidad, conservando un excelente desempeño y acabado sobre el sustrato directamente o sobreimpresión.",,,,,,,,,GLOSSER POLIESTER BLANCO G303 1G,10114675,50.0,backend_lookup,GLOSSER POLIESTER BLANCO G303,rechazado,Match de inventario demasiado débil
Barniz procesable incoloro 16744,https://www.pintuco.com.co/productos/barniz-procesable-incoloro-16744/,https://www.pintuco.com.co/download/51275/?tmstv=1728395028,https://tienda.pintuco.com/,,"Barniz procesable incoloro 16744 es un barniz incoloro tipo epoxi éster, diseñado para productos procesables y de alta troquelabilidad, conservando un excelente desempeño y acabado sobre el sustrato directamente o sobreimpresión.",,"Barniz procesable incoloro 16744 es un barniz incoloro tipo epoxi éster, diseñado para productos procesables y de alta troquelabilidad, conservando un excelente desempeño y acabado sobre el sustrato directamente o sobreimpresión.",,,,,,,,,AREAS BAJO TRAFICO VINIL MAX CURIBA 3515,10016443,39.22,backend_lookup,AREAS BAJO TRAFICO VINIL MAX CURIBA,rechazado,Match de inventario demasiado débil
Sistema Nitro Koverlac,https://www.pintuco.com.co/productos/sistema-nitro-koverlac/,https://www.pintuco.com.co/download/51608/?tmstv=1672344808,https://tienda.pintuco.com/,,Sistema Nitro Koverlac son lacas nitro de secado al aire que se caracterizan por su rápido secado y buen acabado.,,Sistema Nitro Koverlac son lacas nitro de secado al aire que se caracterizan por su rápido secado y buen acabado.,,rapido_secado,,,,,,galón,F KIT NI PAGUE 11 LLEVE 12 GL KOVERLAC B,F51020080,85.5,db:vw_inventario_agente,F KIT NI PAGUE LLEVE KOVERLAC B,rechazado,El match contra inventario parece kit/accesorio/promoción o basura comercial
Clear RFU 5500,https://www.pintuco.com.co/productos/clear-rfu-5500/,https://www.pintuco.com.co/download/51615/?tmstv=1672344808,https://tienda.pintuco.com/,,,,,,,,,,,,,KIT PAGUE 5 LLEVE 6 GL CLEAR RFU 5500,20003873,90.0,db:vw_inventario_agente,KIT PAGUE LLEVE CLEAR RFU,rechazado,El match contra inventario parece kit/accesorio/promoción o basura comercial
Cinta Azul Pro 3/4 Pulg Pintuco,https://www.pintuco.com.co/productos/cinta-azul-pro-3-4-pulg-pintuco/,,https://tienda.pintuco.com/,,,,,,,,,,,,,CINTA TESA 1,51003275,85.5,db:vw_inventario_agente,CINTA TESA,rechazado,El match contra inventario parece kit/accesorio/promoción o basura comercial
Cinta Masking General Pintuco 1pulg X 40 Mt,https://www.pintuco.com.co/productos/cinta-masking-general-pintuco-1pulg-x-40-mt/,,https://tienda.pintuco.com/,,,,,,,,,,,,,CINTA MASKING GENERAL PINTUCO 1P X 40 MT,6447590,96.39,db:vw_inventario_agente,CINTA MASKING GENERAL PINTUCO 1P X MT,rechazado,El match contra inventario parece kit/accesorio/promoción o basura comercial
Brocha Estándar Cerda Blanca 4 Pulg Pintuco,https://www.pintuco.com.co/productos/brocha-estandar-cerda-blanca-4-pulg-pintuco/,,https://tienda.pintuco.com/,,,,,,,,,,,,,BROCHA ESTANDAR CERDA NGRA 4 PUL PINTUCO,6447572,91.57,db:vw_inventario_agente,BROCHA ESTANDAR CERDA NGRA PUL PINTUCO,rechazado,El match contra inventario parece kit/accesorio/promoción o basura comercial
Brocha Estándar Cerda Blanca 3 Pulg Pintuco,https://www.pintuco.com.co/productos/brocha-estandar-cerda-blanca-3-pulg-pintuco/,,https://tienda.pintuco.com/,,,,,,,,,,,,,BROCHA ESTANDAR CERDA NGRA 3 PUL PINTUCO,6447571,91.57,db:vw_inventario_agente,BROCHA ESTANDAR CERDA NGRA PUL PINTUCO,rechazado,El match contra inventario parece kit/accesorio/promoción o basura comercial
Brocha Estándar Cerda Blanca 2.5 Pulg Pintuco,https://www.pintuco.com.co/productos/brocha-estandar-cerda-blanca-2-5-pulg-pintuco/,,https://tienda.pintuco.com/,,,,,,,,,,,,,PQ BROCHA ESTANDAR CERDA BLANCA 2.5 PULG,6442275,91.3,db:vw_inventario_agente,BROCHA ESTANDAR CERDA BLANCA 2.5 PULG,rechazado,El match contra inventario parece kit/accesorio/promoción o basura comercial
Brocha Estándar Cerda Blanca 2 Pulg Pintuco,https://www.pintuco.com.co/productos/brocha-estandar-cerda-blanca-2-pulg-pintuco/,,https://tienda.pintuco.com/,,,,,,,,,,,,,BROCHA ESTANDAR CERDA NGRA 2 PUL PINTUCO,6447569,91.57,db:vw_inventario_agente,BROCHA ESTANDAR CERDA NGRA PUL PINTUCO,rechazado,El match contra inventario parece kit/accesorio/promoción o basura comercial
Brocha Pro Plástico Blanca 4 Pulg Pintuco,https://www.pintuco.com.co/productos/brocha-pro-plastico-blanca-4-pulg-pintuco/,,https://tienda.pintuco.com/,,,,,,,,,,,,,BROCHA PROF PLASTICO BLANCA 4 PU PINTUCO,6441631,96.3,db:vw_inventario_agente,BROCHA PROF PLASTICO BLANCA PU PINTUCO,rechazado,El match contra inventario parece kit/accesorio/promoción o basura comercial
Brocha Estándar Cerda Blanca 1 Pulg Pintuco,https://www.pintuco.com.co/productos/brocha-estandar-cerda-blanca-1-pulg-pintuco/,,https://tienda.pintuco.com/,,,,,,,,,,,,,BROCHA ESTANDAR CERDA NGRA 1 PUL PINTUCO,6447567,91.57,db:vw_inventario_agente,BROCHA ESTANDAR CERDA NGRA PUL PINTUCO,rechazado,El match contra inventario parece kit/accesorio/promoción o basura comercial
Brocha Estándar Cerda Blanca 1.5 Pulg Pintuco,https://www.pintuco.com.co/productos/brocha-estandar-cerda-blanca-1-5-pulg-pintuco/,,https://tienda.pintuco.com/,,,,,,,,,,,,,PQ BROCHA ESTANDAR CERDA BLANCA 1.5 PULG,6442273,91.3,db:vw_inventario_agente,BROCHA ESTANDAR CERDA BLANCA 1.5 PULG,rechazado,El match contra inventario parece kit/accesorio/promoción o basura comercial
Brocha Pro Plástico Blanca 3 Pulg Pintuco,https://www.pintuco.com.co/productos/brocha-pro-plastico-blanca-3-pulg-pintuco/,,https://tienda.pintuco.com/,,,,,,,,,,,,,BROCHA PROF PLASTICO BCA 3 PULG PINTUCO,6441630,95.0,db:vw_inventario_agente,BROCHA PROF PLASTICO BCA PULG PINTUCO,rechazado,El match contra inventario parece kit/accesorio/promoción o basura comercial
Brocha Pro Plástico Blanca 2.5 Pulg Pintuco,https://www.pintuco.com.co/productos/brocha-pro-plastico-blanca-2-5-pulg-pintuco/,,https://tienda.pintuco.com/,,,,,,,,,,,,,BROCHA PROF PLASTICO BCA 2.5 PUL PINTUCO,6441629,93.98,db:vw_inventario_agente,BROCHA PROF PLASTICO BCA 2.5 PUL PINTUCO,rechazado,El match contra inventario parece kit/accesorio/promoción o basura comercial
Brocha Pro Plástico Blanca 2 Pulg Pintuco,https://www.pintuco.com.co/productos/brocha-pro-plastico-blanca-2-pulg-pintuco/,,https://tienda.pintuco.com/,,,,,,,,,,,,,BROCHA PROF PLASTICO BCA 2 PULG PINTUCO,6441628,95.0,db:vw_inventario_agente,BROCHA PROF PLASTICO BCA PULG PINTUCO,rechazado,El match contra inventario parece kit/accesorio/promoción o basura comercial
Brocha Pro Plástico Blanca 1 Pulg Pintuco,https://www.pintuco.com.co/productos/brocha-pro-plastico-blanca-1-pulg-pintuco/,,https://tienda.pintuco.com/,,,,,,,,,,,,,BROCHA PROF PLASTICO BCA 1 PULG PINTUCO,6441626,95.0,db:vw_inventario_agente,BROCHA PROF PLASTICO BCA PULG PINTUCO,rechazado,El match contra inventario parece kit/accesorio/promoción o basura comercial
Brocha Pro Plástico Blanca 1.5 Pulg Pintuco,https://www.pintuco.com.co/productos/brocha-pro-plastico-blanca-1-5-pulg-pintuco/,,https://tienda.pintuco.com/,,,,,,,,,,,,,BROCHA PROF PLASTICO BCA 1.5 PUL PINTUCO,6441627,93.98,db:vw_inventario_agente,BROCHA PROF PLASTICO BCA 1.5 PUL PINTUCO,rechazado,El match contra inventario parece kit/accesorio/promoción o basura comercial
Koverlac Primer 1K,https://www.pintuco.com.co/productos/koverlac-primer-1k/,https://www.pintuco.com.co/wp-content/uploads/2019/12/ft-koverlac-primer-1k.pdf,https://tienda.pintuco.com/,,"Koverlac Primer 1K primer nitro de secado al aire, que se caracteriza por su rápido secado, adherencia y uniformidad.",,"Koverlac Primer 1K primer nitro de secado al aire, que se caracteriza por su rápido secado, adherencia y uniformidad.",,rapido_secado,,,,,,,KIT CEILCOTE 680 PRIMER COMPOSITE 4G,10353183,85.5,db:vw_inventario_agente,KIT CEILCOTE 680 PRIMER COMPOSITE,rechazado,El match contra inventario parece kit/accesorio/promoción o basura comercial
Kit 3 pack brocha profesional,https://www.pintuco.com.co/productos/kit-3-pack-brocha-profesional/,,https://tienda.pintuco.com/,,,,,,,,,,,,,BROCHA PROFESIONAL 3,51005334,95.0,db:vw_inventario_agente,BROCHA PROFESIONAL,rechazado,El match contra inventario parece kit/accesorio/promoción o basura comercial
Graniplast Silcoplast Interior,https://www.pintuco.com.co/productos/graniplast-silcoplast-interior/,https://www.pintuco.com.co/download/64561/?tmstv=1672344835,https://tienda.pintuco.com/,https://pintuco.com.co/calculadora-de-pintura/?section=texturas&&name_product=Graniplast Silcoplast Interior,"Graniplast Silcoplast Interior es un revestimiento plástico de acabado texturizado, elaborado con copolímeros acrílicos base agua y granos de cuarzo de tamaño controlado, que provee diferentes tipos de acabados según la experticia del aplicador, es ideal para interiores ya que este producto nivela, protege y decora.",,"Graniplast Silcoplast Interior es un revestimiento plástico de acabado texturizado, elaborado con copolímeros acrílicos base agua y granos de cuarzo de tamaño controlado, que provee diferentes tipos de acabados según la experticia del aplicador, es ideal para interiores ya que este producto nivela, protege y decora.",interior,,,,,,,cuñete,PQ SILCOPLAST INT BLANCO 15.52L 30K,5892408,68.09,backend_lookup,SILCOPLAST INT BLANCO 30K,rechazado,Match de inventario demasiado débil
Primer 2K 9216,https://www.pintuco.com.co/productos/primer-2k-9216/,https://www.pintuco.com.co/download/51362/?tmstv=1672344804,https://tienda.pintuco.com/,,"Primer 2K es una base poliuretano en dos componentes para repintado de vehículos, de excelente poder de relleno, rápido secamiento y lijable en húmedo o en seco.",,"Primer 2K es una base poliuretano en dos componentes para repintado de vehículos, de excelente poder de relleno, rápido secamiento y lijable en húmedo o en seco.",,,,,,,,galón,KIT CEILCOTE 680 PRIMER COMPOSITE 4G,10353183,85.5,db:vw_inventario_agente,KIT CEILCOTE 680 PRIMER COMPOSITE,rechazado,El match contra inventario parece kit/accesorio/promoción o basura comercial
Primer 1K 5010,https://www.pintuco.com.co/productos/primer-1k-5010/,https://www.pintuco.com.co/download/51364/?tmstv=1672344804,https://tienda.pintuco.com/,,"Primer 1K es un primer monocomponente de secado rápido, relleno medio y buena lijabilidad.",,"Primer 1K es un primer monocomponente de secado rápido, relleno medio y buena lijabilidad.",,rapido_secado,,,,,,galón,KIT CEILCOTE 680 PRIMER COMPOSITE 4G,10353183,85.5,db:vw_inventario_agente,KIT CEILCOTE 680 PRIMER COMPOSITE,rechazado,El match contra inventario parece kit/accesorio/promoción o basura comercial
Acabado Uniformador Automotriz,https://www.pintuco.com.co/productos/acabado-uniformador-automotriz/,https://www.pintuco.com.co/download/51379/?tmstv=1672344804,https://tienda.pintuco.com/,,,,,,,,,,,,,SILICONA ACETICA NEGRA AUTOMOTRIZ 50 GR,F51060815,61.82,backend_lookup,SILICONA ACETICA NEGRA AUTOMOTRIZ GR,rechazado,Match de inventario demasiado débil
Pintura Primer Anticorrosivo 513,https://www.pintuco.com.co/productos/pintura-primer-anticorrosivo-513/,https://www.pintuco.com.co/wp-content/uploads/2019/12/ft-primer-anticorrosivo-513.pdf,https://tienda.pintuco.com/,,"Primer Anticorrosivo 513 es un producto de recubrimiento anticorrosivo alquídico, de rápido secado, excelente adherencia con ideal para proteger estructuras metálicas en general, que vayan a estar expuestas a ambientes industriales y marinos de agresividad intermedia.",,"Primer Anticorrosivo 513 es un producto de recubrimiento anticorrosivo alquídico, de rápido secado, excelente adherencia con ideal para proteger estructuras metálicas en general, que vayan a estar expuestas a ambientes industriales y marinos de agresividad intermedia.",metal,anticorrosivo | alto_cubrimiento | rapido_secado,,,,,,1/4 galón | galón,PINTURA VARIOS,56252453,85.5,db:vw_inventario_agente,PINTURA VARIOS,rechazado,El match contra inventario parece kit/accesorio/promoción o basura comercial
Textura acrílica Graniplast Premium Silcoplast,https://www.pintuco.com.co/productos/textura-acrilica-graniplast-premium-silcoplast/,https://www.pintuco.com.co/download/64557/?tmstv=1684166190,https://tienda.pintuco.com/,,"Graniplast Premium Silcoplast es un revestimiento plástico de acabado texturizado tipo perlita o carraplast, elaborado con copolímeros 100% acrílicos base agua y granos de cuarzo de tamaño controlado, que forma una barrera impermeable a la lluvia y resistente a los rayos del sol ofreciendo máxima protección, resistenci",,"Graniplast Premium Silcoplast es un revestimiento plástico de acabado texturizado tipo perlita o carraplast, elaborado con copolímeros 100% acrílicos base agua y granos de cuarzo de tamaño controlado, que forma una barrera impermeable a la lluvia y resistente a los rayos del sol ofreciendo máxima protección, resistenci",exterior,impermeable | durabilidad,,,,,"100% acrílicos base agua y granos de cuarzo de tamaño controlado, que forma una barrera impermeable a la lluvia y resistente a los rayos del sol ofreciendo máxima protección, resistencia y durabilidad de hasta 5 años en exterior siempre y cuando se sigan las recomendaciones de preparación de superficie y aplicación del producto",cuñete,BROCHA SUPERMAX PREMIUM 6 PULG,10004513,85.5,db:vw_inventario_agente,BROCHA SUPERMAX PREMIUM PULG,rechazado,El match contra inventario parece kit/accesorio/promoción o basura comercial
Textura acrílica Graniplast Premium Esgrafiado,https://www.pintuco.com.co/productos/textura-acrilica-graniplast-premium-esgrafiado/,https://www.pintuco.com.co/download/66158/?tmstv=1684165341,https://tienda.pintuco.com/,https://pintuco.com.co/calculadora-de-pintura/?section=texturas&&name_product=Textura acrílica Graniplast Premium Esgrafiado,"Graniplast Premium Esgrafiado es un revestimiento plástico de acabado texturizado tipo rayado, elaborado con copolímeros 100% acrílicos base agua y granos de cuarzo de tamaño controlado, que forma una barrera impermeable a la lluvia y resistente a los rayos del sol ofreciendo máxima protección, resistencia y durabilida",,"Graniplast Premium Esgrafiado es un revestimiento plástico de acabado texturizado tipo rayado, elaborado con copolímeros 100% acrílicos base agua y granos de cuarzo de tamaño controlado, que forma una barrera impermeable a la lluvia y resistente a los rayos del sol ofreciendo máxima protección, resistencia y durabilida",exterior,impermeable | durabilidad,,,,,"100% acrílicos base agua y granos de cuarzo de tamaño controlado, que forma una barrera impermeable a la lluvia y resistente a los rayos del sol ofreciendo máxima protección, resistencia y durabilidad de hasta 5 años en exterior siempre y cuando se sigan las recomendaciones de preparación de superficie y aplicación del producto",cuñete,BROCHA SUPERMAX PREMIUM 6 PULG,10004513,85.5,db:vw_inventario_agente,BROCHA SUPERMAX PREMIUM PULG,rechazado,El match contra inventario parece kit/accesorio/promoción o basura comercial
Construcleaner Limpiador no Corrosivo,https://www.pintuco.com.co/productos/construcleaner-limpiador-no-corrosivo/,https://www.pintuco.com.co/download/64410/?tmstv=1672344833,https://tienda.pintuco.com/,,"Construcleaner Limpiador No Corrosivo es un producto base agua, formulado con ácidos orgánicos biodegradables y aditivos especiales para lavar y retirar eflorescencias y residuos de cemento y mortero poco adheridos en fachadas de ladrillo y piedra natural.",,"Construcleaner Limpiador No Corrosivo es un producto base agua, formulado con ácidos orgánicos biodegradables y aditivos especiales para lavar y retirar eflorescencias y residuos de cemento y mortero poco adheridos en fachadas de ladrillo y piedra natural.",mamposteria | exterior,,,,,,,5 galones,GASTOS NO DEDUCIBLES,53159501,85.5,db:vw_inventario_agente,GASTOS NO DEDUCIBLES,rechazado,El match contra inventario parece kit/accesorio/promoción o basura comercial
Interseal 90HS,https://www.pintuco.com.co/productos/interseal-90hs/,https://www.pintuco.com.co/wp-content/uploads/2019/12/FT-INTERSEAL-90HS.pdf.pdf,https://tienda.pintuco.com/,https://pintuco.com.co/calculadora-de-pintura/?section=vinilos-decorativos&&name_product=Interseal 90HS,,,,,,,,,,,,INTERSEAL 670 HS RAL7032 PARTE A 4.25G,10354615,85.5,db:vw_inventario_agente,INTERSEAL 670 HS RAL7032 .,rechazado,El match contra inventario parece kit/accesorio/promoción o basura comercial
Intergard 2002,https://www.pintuco.com.co/productos/intergard-2002/,https://www.pintuco.com.co/wp-content/uploads/2019/12/ft-Intergard-2002-1.pdf,https://tienda.pintuco.com/,https://pintuco.com.co/calculadora-de-pintura/?section=vinilos-decorativos&&name_product=Intergard 2002,,,,,,,,,,,,"INTERGARD 2002 PARTE B OIA046/3,7 L/BR",F51060367,90.0,db:vw_inventario_agente,INTERGARD 2002 OIA046 BRILLANTE,rechazado,El match contra inventario parece kit/accesorio/promoción o basura comercial
Epoxi Poliamida,https://www.pintuco.com.co/productos/pintura-epoxica-epoxi-poliamida/,https://www.pintuco.com.co/wp-content/uploads/2019/12/ft-epoxi-poliamida-espanol.pdf,https://tienda.pintuco.com/,,"Epoxi Poliamida es una pintura epóxica poliamida base solvente de dos componentes, que con la mezcla apropiada de ambos proporciona una película con buena adherencia y flexibilidad, resistente al agua, ácidos débiles, sales, álcalis, derivados del petróleo y disolventes aromáticos.",,"Epoxi Poliamida es una pintura epóxica poliamida base solvente de dos componentes, que con la mezcla apropiada de ambos proporciona una película con buena adherencia y flexibilidad, resistente al agua, ácidos débiles, sales, álcalis, derivados del petróleo y disolventes aromáticos.",exterior,durabilidad,,,,,,,F KIT BARNIZ EPOXI POLIAMIDA 101 Y CAT,F51019858,90.0,db:vw_inventario_agente,F KIT BARNIZ EPOXI POLIAMIDA 101 Y CAT,rechazado,El match contra inventario parece kit/accesorio/promoción o basura comercial
Epoxy Primer 10070/13350,https://www.pintuco.com.co/productos/epoxy-primer-10070-13350/,https://www.pintuco.com.co/wp-content/uploads/2019/12/ft-epoxy-primer-10070-13350.pdf,https://tienda.pintuco.com/,,"Epoxy Primer 10070/13350 es un recubrimiento anticorrosivo, inhibidor de la corrosión en dos componentes, para superficies de acero, que presenta alto espesor por mano.",,"Epoxy Primer 10070/13350 es un recubrimiento anticorrosivo, inhibidor de la corrosión en dos componentes, para superficies de acero, que presenta alto espesor por mano.",metal,anticorrosivo | alto_cubrimiento,,,,,,galon | 5 galones,KIT CEILCOTE 680 PRIMER COMPOSITE 4G,10353183,85.5,db:vw_inventario_agente,KIT CEILCOTE 680 PRIMER COMPOSITE,rechazado,El match contra inventario parece kit/accesorio/promoción o basura comercial
Intergard 251,https://www.pintuco.com.co/productos/intergard-251/,https://international.brand.akzonobel.com/m/51c1fc7a41b8795d/original/Intergard_251_spa_A4_20150520.pdf,https://tienda.pintuco.com/,,,,,,,,,,,,,KIT INTERGARD 251 GRIS P.A + P.B,10703162,90.0,db:vw_inventario_agente,KIT INTERGARD 251 GRIS P.A + P.B,rechazado,El match contra inventario parece kit/accesorio/promoción o basura comercial
Interseal 670 HS,https://www.pintuco.com.co/productos/interseal-670-hs/,https://international.brand.akzonobel.com/m/52ae6bff025da150/original/Interseal_670HS_eng_A4_20190122.pdf,https://tienda.pintuco.com/,,,,,,,,,,,,,INTERSEAL 670 HS RAL7032 PARTE A 4.25G,10354615,90.0,db:vw_inventario_agente,INTERSEAL 670 HS RAL7032 .,rechazado,El match contra inventario parece kit/accesorio/promoción o basura comercial
Interzone 954,https://www.pintuco.com.co/productos/interzone-954/,https://international.brand.akzonobel.com/m/5f5f9b8a0fe836e1/original/Interzone_954_spa_A4_20180313.pdf,https://tienda.pintuco.com/,,,,,,,,,,,,,INTERZONE 954 RAL1003 PARTE A 4G,10381093,90.0,db:vw_inventario_agente,INTERZONE 954 RAL1003,rechazado,El match contra inventario parece kit/accesorio/promoción o basura comercial
Interfine 979,https://www.pintuco.com.co/productos/interfine-979/,https://international.brand.akzonobel.com/m/3479a8340e3ef464/original/Interfine_979_spa_A4_20150907.pdf,https://tienda.pintuco.com/,,,,,,,,,,,,,INTERFINE 979 BLANCO PARTE A IMP 4G,10340071,90.0,db:vw_inventario_agente,INTERFINE 979 BLANCO IMP,rechazado,El match contra inventario parece kit/accesorio/promoción o basura comercial
Intershield 300,https://www.pintuco.com.co/productos/intershield-300/,https://marinecoatings.brand.akzonobel.com/m/7b1f491341a21274/original/Intershield_300_spa_usa_A4_20151204.pdf,https://tienda.pintuco.com/,,,,,,,,,,,,,INTERSHIELD 300 V ALUM PARTE A ENA 2.5 G,10337125,90.0,db:vw_inventario_agente,INTERSHIELD 300 V ALUM ENA 2.5 G,rechazado,El match contra inventario parece kit/accesorio/promoción o basura comercial
Intertuf 262,https://www.pintuco.com.co/productos/intertuf-262/,https://international.brand.akzonobel.com/m/29d76109bbaba548/original/Intertuf_262_spa_usa_LTR_20210105.pdf,https://tienda.pintuco.com/,,,,,,,,,,,,,INTERTUF 262 HAZE GREY PARTE A 4G,10199221,90.0,db:vw_inventario_agente,INTERTUF 262 HAZE GREY,rechazado,El match contra inventario parece kit/accesorio/promoción o basura comercial
Intergard 475HS,https://www.pintuco.com.co/productos/intergard-475/,https://international.brand.akzonobel.com/m/3b6a87aa437c4482/original/Intergard_475HS_spa_usa_LTR_20170920.pdf,https://tienda.pintuco.com/,,,,,,,,,,,,,KIT INTERGARD 475HS PARTE A BLANCO 10128,10703125,90.0,db:vw_inventario_agente,KIT INTERGARD 475HS,rechazado,El match contra inventario parece kit/accesorio/promoción o basura comercial
Intergard 263,https://www.pintuco.com.co/productos/intergard-263/,https://marinecoatings.brand.akzonobel.com/m/1fc629cc4261fc98/original/Intergard_263_spa_A4_20170512.pdf,https://tienda.pintuco.com/,,,,,,,,,,,,,KIT INTERGARD 263 GRIS P.A 4G + P.B 1G,10360710,90.0,db:vw_inventario_agente,KIT INTERGARD 263 GRIS P.A + P.B,rechazado,El match contra inventario parece kit/accesorio/promoción o basura comercial
Pintura Viniltex Bíocuidado,https://www.pintuco.com.co/productos/pintura-viniltex-biocuidado/,https://www.pintuco.com.co/download/66103/?tmstv=1723216336,https://tienda.pintuco.com/,https://pintuco.com.co/calculadora-de-pintura/?section=vinilos-decorativos&&name_product=Pintura Viniltex Bíocuidado,Pintura Viniltex Biocuidado Pintura premium tipo 1 de interior y exterior de máxima lavabilidad y durabilidad.,Mate,Pintura Viniltex Biocuidado Pintura premium tipo 1 de interior y exterior de máxima lavabilidad y durabilidad.,mamposteria | interior | exterior,antibacterial | ultralavable | durabilidad,,viniltex,,,,1/4 galón | galón | 5 galones,PINTURA VARIOS,56252453,85.5,db:vw_inventario_agente,PINTURA VARIOS,rechazado,El match contra inventario parece kit/accesorio/promoción o basura comercial
Revomastic Mortero Acrílico,https://www.pintuco.com.co/productos/revomastic/,https://www.pintuco.com.co/download/64607/?tmstv=1745867951,https://tienda.pintuco.com/,https://pintuco.com.co/calculadora-de-pintura/?section=estucos&&name_product=Revomastic Mortero Acrílico,"Revomastic® Revoque Plástico es una masilla plástica de grano grueso, con alto poder de relleno, para ser usada como sustituto de revoques o pañetes tradicionales en interiores o exteriores, garantizando excelente adherencia, rendimiento y durabilidad del acabado.",,"Revomastic® Revoque Plástico es una masilla plástica de grano grueso, con alto poder de relleno, para ser usada como sustituto de revoques o pañetes tradicionales en interiores o exteriores, garantizando excelente adherencia, rendimiento y durabilidad del acabado.",madera | mamposteria | interior | exterior,durabilidad,,,,,,,MASTICK,56254446,78.92,db:vw_inventario_agente,MASTICK,rechazado,Match de inventario demasiado débil
Pintura impermeabilizante aquablock,https://www.pintuco.com.co/productos/impermeabilizante-aquablock/,https://www.pintuco.com.co/download/63038/?tmstv=1672344832,https://tienda.pintuco.com/,https://pintuco.com.co/calculadora-de-pintura/?section=vinilos-decorativos&&name_product=Pintura impermeabilizante aquablock,Aquablock es una pintura impermeabilizante acrílica base agua de alto desempeño para uso interior.,,Aquablock es una pintura impermeabilizante acrílica base agua de alto desempeño para uso interior.,interior,impermeable,,,,,,1/4 galón | galón | 5 galones,PINTURA VARIOS,56252453,85.5,db:vw_inventario_agente,PINTURA VARIOS,rechazado,El match contra inventario parece kit/accesorio/promoción o basura comercial
Pintura Intervinil Cubriente,https://www.pintuco.com.co/productos/intervinil-cubriente/,https://www.pintuco.com.co/wp-content/uploads/2019/12/ft_intervinil_mate.pdf,https://tienda.pintuco.com/,https://pintuco.com.co/calculadora-de-pintura/?section=vinilos-decorativos&&name_product=Pintura Intervinil Cubriente,"Intervinil Cubriente es una pintura para interiores, lavable, de alto rendimiento y cubrimiento en menos manos.",,"Intervinil Cubriente es una pintura para interiores, lavable, de alto rendimiento y cubrimiento en menos manos.",interior,ultralavable | alto_cubrimiento,,,,,,1/4 galón | galón | 5 galones,PINTURA VARIOS,56252453,85.5,db:vw_inventario_agente,PINTURA VARIOS,rechazado,El match contra inventario parece kit/accesorio/promoción o basura comercial
Esmalte Pintulux 3 en 1 Brillante,https://www.pintuco.com.co/productos/esmalte-pintulux-3-en-1-brillante/,https://www.pintuco.com.co/download/48698/?tmstv=1672344796,https://tienda.pintuco.com/,https://pintuco.com.co/calculadora-de-pintura/?section=vinilos-decorativos&&name_product=Esmalte Pintulux 3 en 1 Brillante,"Pintulux 3 en 1 Brillante es un esmalte alquídico que evita lijar en superficies con oxidación leve, contiene anticorrosivo y da un hermoso acabado brillante.",,"Pintulux 3 en 1 Brillante es un esmalte alquídico que evita lijar en superficies con oxidación leve, contiene anticorrosivo y da un hermoso acabado brillante.",metal | exterior,impermeable | anticorrosivo | durabilidad,brocha | rodillo | pistola | espatula,ajustador | pintulux,,Deje transcurrir de 4 a 6 horas aproximadamente para aplicar la segunda mano (secamiento a 25°C y 60% de humedad relativa),Brocha o rodillo 1 galón Máximo 10% Pistola convencional 1 galón 25% aprox. Esta proporción de dilución se mantiene para cualquier prese | Pistola convencional 1 galón 25% aprox. Esta proporción de dilución se mantiene para cualquier presentación y/o tamaño del producto. El uso,galón,CINTA TESA 1,51003275,85.5,db:vw_inventario_agente,CINTA TESA,rechazado,El match contra inventario parece kit/accesorio/promoción o basura comercial
Vinilo Estándar Construcción Tipo 1,https://www.pintuco.com.co/productos/pintura-vinilo-tipo-1-constructor/,https://www.pintuco.com.co/wp-content/uploads/2019/12/ft-vinilo-tipo1-construtor-3.pdf,https://tienda.pintuco.com/,https://pintuco.com.co/calculadora-de-pintura/?section=pinturas-profesionales&&name_product=Vinilo Estándar Construcción Tipo 1,"Vinilo Estándar Construcción Tipo 1 es una pintura base agua fabricada con copolímeros acrílicos de excelente cubrimiento y adherencia, acabado mate, de fácil aplicación y rápido secado, lavable y durable lo que lo hace especial para acabados arquitectónicos en obras de construcción.",,"Vinilo Estándar Construcción Tipo 1 es una pintura base agua fabricada con copolímeros acrílicos de excelente cubrimiento y adherencia, acabado mate, de fácil aplicación y rápido secado, lavable y durable lo que lo hace especial para acabados arquitectónicos en obras de construcción.",,ultralavable | alto_cubrimiento | rapido_secado | durabilidad,,,,,,5 galones,CINTA TESA 1,51003275,85.5,db:vw_inventario_agente,CINTA TESA,rechazado,El match contra inventario parece kit/accesorio/promoción o basura comercial
Pintucoat,https://www.pintuco.com.co/productos/pintucoat/,https://www.pintuco.com.co/wp-content/uploads/2019/12/Boletim-Tecnico-Pintucoat-1-1.pdf,https://tienda.pintuco.com/,https://pintuco.com.co/calculadora-de-pintura/?section=pisos&&name_product=Pintucoat,"Pintucoat es una pintura epóxica – amina base solvente de dos componentes que proporciona una película con buena adherencia y flexibilidad, resistente a derivados del petróleo, ácidos débiles, sales y álcalis.",,"Pintucoat es una pintura epóxica – amina base solvente de dos componentes que proporciona una película con buena adherencia y flexibilidad, resistente a derivados del petróleo, ácidos débiles, sales y álcalis.",exterior,durabilidad,,pintucoat,,,,galón,F KIT PROMO PINTUCOAT BLANCO A+B,F51019942,90.0,db:vw_inventario_agente,F KIT PROMO PINTUCOAT BLANCO A+B,rechazado,El match contra inventario parece kit/accesorio/promoción o basura comercial
Pintucoat Plus,https://www.pintuco.com.co/productos/pintucoat-plus/,https://www.pintuco.com.co/wp-content/uploads/2019/12/Boletim-Tecnico-Pintucoat-Plus-1-1.pdf,https://tienda.pintuco.com/,,"Pintucoat Plus es una pintura epóxica base solvente en dos componentes, que con la mezcla apropiada de ambos proporciona altas resistencias químicas y mecánicas, con un rápido secado y bajo contenido de VOC (Compuestos Orgánicos Volátiles) y un contenido promedio de sólidos de 65 +/-5%.",,"Pintucoat Plus es una pintura epóxica base solvente en dos componentes, que con la mezcla apropiada de ambos proporciona altas resistencias químicas y mecánicas, con un rápido secado y bajo contenido de VOC (Compuestos Orgánicos Volátiles) y un contenido promedio de sólidos de 65 +/-5%.",exterior,alto_cubrimiento | rapido_secado,,pintucoat,,,,galón,KIT PINTUCOAT PLUS A.S BLANC 1G Y CAT 1G,20003771,90.0,db:vw_inventario_agente,KIT PINTUCOAT PLUS A.S BLANC Y CAT,rechazado,El match contra inventario parece kit/accesorio/promoción o basura comercial
